policy,load,overest,seed,avg_wait,max_wait,bsld,util
FCFS,0.50,1.0,1000,67.4713,1230.5668,2.7074,0.4826
EASY,0.50,1.0,1000,17.6196,1011.2977,1.4572,0.4891
FCFS,0.50,1.0,1001,38.8172,805.5591,2.2990,0.4914
EASY,0.50,1.0,1001,10.8997,723.9941,1.3266,0.4914
FCFS,0.50,1.0,1002,46.2350,922.0475,2.3731,0.4849
EASY,0.50,1.0,1002,13.8067,841.6505,1.3438,0.4885
FCFS,0.50,1.0,1003,66.7205,948.6402,3.0169,0.5116
EASY,0.50,1.0,1003,15.2574,920.2365,1.3501,0.5116
FCFS,0.50,1.0,1004,70.5273,1414.6204,3.1329,0.4906
EASY,0.50,1.0,1004,19.9241,1414.6204,1.5599,0.4906
FCFS,0.50,1.0,1005,46.3017,681.3876,2.4265,0.4952
EASY,0.50,1.0,1005,11.8042,775.5516,1.3005,0.4956
FCFS,0.50,1.0,1006,29.2238,735.8223,1.7457,0.5061
EASY,0.50,1.0,1006,9.9214,643.9526,1.1994,0.5061
FCFS,0.50,1.0,1007,43.3232,744.3029,2.2989,0.4971
EASY,0.50,1.0,1007,7.6978,644.7610,1.2062,0.4971
FCFS,0.50,1.0,1008,87.9054,883.1687,3.5979,0.4512
EASY,0.50,1.0,1008,17.8247,883.1687,1.4895,0.4512
FCFS,0.50,1.0,1009,27.3463,534.4488,1.8349,0.4888
EASY,0.50,1.0,1009,9.9542,361.6012,1.2718,0.4888
FCFS,0.50,1.0,1010,60.0226,1057.1810,3.0233,0.4786
EASY,0.50,1.0,1010,8.2636,1057.1810,1.2703,0.4822
FCFS,0.50,1.0,1011,110.9414,1450.3408,3.8246,0.4879
EASY,0.50,1.0,1011,18.2816,1151.2507,1.3962,0.4879
FCFS,0.50,1.0,1012,32.8184,862.4994,1.9372,0.4533
EASY,0.50,1.0,1012,5.8174,782.9674,1.1493,0.4533
FCFS,0.50,1.0,1013,48.9347,812.0772,2.5121,0.5013
EASY,0.50,1.0,1013,10.9990,807.4637,1.3074,0.5013
FCFS,0.50,1.0,1014,14.3497,341.5000,1.4278,0.4597
EASY,0.50,1.0,1014,5.6798,281.3904,1.1505,0.4597
FCFS,0.50,1.0,1015,36.8109,565.9444,2.1780,0.4824
EASY,0.50,1.0,1015,10.3276,565.9444,1.2763,0.4824
FCFS,0.50,1.0,1016,25.9558,413.1800,1.7720,0.5065
EASY,0.50,1.0,1016,7.7902,384.7050,1.1793,0.5065
FCFS,0.50,1.0,1017,23.7783,476.0199,1.6903,0.4818
EASY,0.50,1.0,1017,7.0441,476.0199,1.2090,0.4818
FCFS,0.50,1.0,1018,31.4885,559.2865,1.9995,0.4858
EASY,0.50,1.0,1018,11.0870,503.4495,1.2856,0.4858
FCFS,0.50,1.0,1019,38.1172,681.2250,2.1228,0.4829
EASY,0.50,1.0,1019,7.7727,681.2250,1.1967,0.4852
FCFS,0.50,2.0,1000,67.4713,1230.5668,2.7074,0.4826
EASY,0.50,2.0,1000,13.5808,1093.6309,1.3272,0.4891
FCFS,0.50,2.0,1001,38.8172,805.5591,2.2990,0.4914
EASY,0.50,2.0,1001,9.0190,723.9941,1.2944,0.4914
FCFS,0.50,2.0,1002,46.2350,922.0475,2.3731,0.4849
EASY,0.50,2.0,1002,10.5892,962.7237,1.2538,0.4885
FCFS,0.50,2.0,1003,66.7205,948.6402,3.0169,0.5116
EASY,0.50,2.0,1003,14.5740,956.9198,1.3414,0.5116
FCFS,0.50,2.0,1004,70.5273,1414.6204,3.1329,0.4906
EASY,0.50,2.0,1004,17.1102,1490.3328,1.4692,0.4906
FCFS,0.50,2.0,1005,46.3017,681.3876,2.4265,0.4952
EASY,0.50,2.0,1005,11.2309,1009.0652,1.2755,0.4956
FCFS,0.50,2.0,1006,29.2238,735.8223,1.7457,0.5061
EASY,0.50,2.0,1006,9.7617,652.4800,1.1999,0.5061
FCFS,0.50,2.0,1007,43.3232,744.3029,2.2989,0.4971
EASY,0.50,2.0,1007,7.1639,1007.0066,1.2071,0.4971
FCFS,0.50,2.0,1008,87.9054,883.1687,3.5979,0.4512
EASY,0.50,2.0,1008,17.3976,883.1687,1.4964,0.4512
FCFS,0.50,2.0,1009,27.3463,534.4488,1.8349,0.4888
EASY,0.50,2.0,1009,8.6347,573.7243,1.2255,0.4888
FCFS,0.50,2.0,1010,60.0226,1057.1810,3.0233,0.4786
EASY,0.50,2.0,1010,8.1012,1057.1810,1.2586,0.4822
FCFS,0.50,2.0,1011,110.9414,1450.3408,3.8246,0.4879
EASY,0.50,2.0,1011,14.1031,1450.3408,1.2834,0.4879
FCFS,0.50,2.0,1012,32.8184,862.4994,1.9372,0.4533
EASY,0.50,2.0,1012,5.6557,784.7067,1.1397,0.4533
FCFS,0.50,2.0,1013,48.9347,812.0772,2.5121,0.5013
EASY,0.50,2.0,1013,9.1469,816.5112,1.2626,0.5013
FCFS,0.50,2.0,1014,14.3497,341.5000,1.4278,0.4597
EASY,0.50,2.0,1014,5.3117,354.2196,1.1513,0.4597
FCFS,0.50,2.0,1015,36.8109,565.9444,2.1780,0.4824
EASY,0.50,2.0,1015,8.9815,449.6973,1.2492,0.4824
FCFS,0.50,2.0,1016,25.9558,413.1800,1.7720,0.5065
EASY,0.50,2.0,1016,7.0923,384.7050,1.1490,0.5065
FCFS,0.50,2.0,1017,23.7783,476.0199,1.6903,0.4818
EASY,0.50,2.0,1017,5.8319,476.0199,1.1906,0.4818
FCFS,0.50,2.0,1018,31.4885,559.2865,1.9995,0.4858
EASY,0.50,2.0,1018,10.7302,503.4495,1.2838,0.4858
FCFS,0.50,2.0,1019,38.1172,681.2250,2.1228,0.4829
EASY,0.50,2.0,1019,7.8381,681.2250,1.1866,0.4852
FCFS,0.50,3.0,1000,67.4713,1230.5668,2.7074,0.4826
EASY,0.50,3.0,1000,13.3942,1140.9053,1.3457,0.4885
FCFS,0.50,3.0,1001,38.8172,805.5591,2.2990,0.4914
EASY,0.50,3.0,1001,9.3751,805.5591,1.2950,0.4914
FCFS,0.50,3.0,1002,46.2350,922.0475,2.3731,0.4849
EASY,0.50,3.0,1002,12.2111,1006.4714,1.2953,0.4885
FCFS,0.50,3.0,1003,66.7205,948.6402,3.0169,0.5116
EASY,0.50,3.0,1003,14.6705,983.0398,1.3518,0.5116
FCFS,0.50,3.0,1004,70.5273,1414.6204,3.1329,0.4906
EASY,0.50,3.0,1004,16.2381,1548.2376,1.4414,0.4906
FCFS,0.50,3.0,1005,46.3017,681.3876,2.4265,0.4952
EASY,0.50,3.0,1005,10.9123,1017.1556,1.2770,0.4956
FCFS,0.50,3.0,1006,29.2238,735.8223,1.7457,0.5061
EASY,0.50,3.0,1006,9.4856,704.1875,1.1741,0.5061
FCFS,0.50,3.0,1007,43.3232,744.3029,2.2989,0.4971
EASY,0.50,3.0,1007,7.1883,1007.0066,1.2081,0.4971
FCFS,0.50,3.0,1008,87.9054,883.1687,3.5979,0.4512
EASY,0.50,3.0,1008,17.3099,883.1687,1.4948,0.4512
FCFS,0.50,3.0,1009,27.3463,534.4488,1.8349,0.4888
EASY,0.50,3.0,1009,8.6233,657.6133,1.2218,0.4888
FCFS,0.50,3.0,1010,60.0226,1057.1810,3.0233,0.4786
EASY,0.50,3.0,1010,7.8316,1057.1810,1.2431,0.4822
FCFS,0.50,3.0,1011,110.9414,1450.3408,3.8246,0.4879
EASY,0.50,3.0,1011,13.3023,1785.6392,1.2500,0.4879
FCFS,0.50,3.0,1012,32.8184,862.4994,1.9372,0.4533
EASY,0.50,3.0,1012,5.6396,784.7067,1.1396,0.4533
FCFS,0.50,3.0,1013,48.9347,812.0772,2.5121,0.5013
EASY,0.50,3.0,1013,9.1411,816.5112,1.2641,0.5013
FCFS,0.50,3.0,1014,14.3497,341.5000,1.4278,0.4597
EASY,0.50,3.0,1014,5.3202,354.2196,1.1524,0.4597
FCFS,0.50,3.0,1015,36.8109,565.9444,2.1780,0.4824
EASY,0.50,3.0,1015,9.1598,475.0115,1.2591,0.4824
FCFS,0.50,3.0,1016,25.9558,413.1800,1.7720,0.5065
EASY,0.50,3.0,1016,6.6495,399.5625,1.1473,0.5065
FCFS,0.50,3.0,1017,23.7783,476.0199,1.6903,0.4818
EASY,0.50,3.0,1017,5.9032,476.0199,1.1942,0.4818
FCFS,0.50,3.0,1018,31.4885,559.2865,1.9995,0.4858
EASY,0.50,3.0,1018,9.8601,954.0455,1.2196,0.4858
FCFS,0.50,3.0,1019,38.1172,681.2250,2.1228,0.4829
EASY,0.50,3.0,1019,7.9655,681.2250,1.1865,0.4852
FCFS,0.50,5.0,1000,67.4713,1230.5668,2.7074,0.4826
EASY,0.50,5.0,1000,13.7414,1140.9053,1.3568,0.4885
FCFS,0.50,5.0,1001,38.8172,805.5591,2.2990,0.4914
EASY,0.50,5.0,1001,10.3895,723.9941,1.3405,0.4914
FCFS,0.50,5.0,1002,46.2350,922.0475,2.3731,0.4849
EASY,0.50,5.0,1002,12.6837,988.1703,1.3181,0.4885
FCFS,0.50,5.0,1003,66.7205,948.6402,3.0169,0.5116
EASY,0.50,5.0,1003,13.7724,986.7120,1.3339,0.5116
FCFS,0.50,5.0,1004,70.5273,1414.6204,3.1329,0.4906
EASY,0.50,5.0,1004,15.4800,1596.1499,1.4162,0.4906
FCFS,0.50,5.0,1005,46.3017,681.3876,2.4265,0.4952
EASY,0.50,5.0,1005,10.8806,1017.1556,1.2792,0.4958
FCFS,0.50,5.0,1006,29.2238,735.8223,1.7457,0.5061
EASY,0.50,5.0,1006,9.7127,652.4800,1.1968,0.5061
FCFS,0.50,5.0,1007,43.3232,744.3029,2.2989,0.4971
EASY,0.50,5.0,1007,7.3513,1126.2849,1.2078,0.4971
FCFS,0.50,5.0,1008,87.9054,883.1687,3.5979,0.4512
EASY,0.50,5.0,1008,17.9020,883.1687,1.5114,0.4512
FCFS,0.50,5.0,1009,27.3463,534.4488,1.8349,0.4888
EASY,0.50,5.0,1009,8.7647,657.6133,1.2326,0.4888
FCFS,0.50,5.0,1010,60.0226,1057.1810,3.0233,0.4786
EASY,0.50,5.0,1010,7.9708,1057.1810,1.2534,0.4822
FCFS,0.50,5.0,1011,110.9414,1450.3408,3.8246,0.4879
EASY,0.50,5.0,1011,13.9932,1785.6392,1.2943,0.4879
FCFS,0.50,5.0,1012,32.8184,862.4994,1.9372,0.4533
EASY,0.50,5.0,1012,5.6059,784.7067,1.1384,0.4533
FCFS,0.50,5.0,1013,48.9347,812.0772,2.5121,0.5013
EASY,0.50,5.0,1013,9.1562,816.5112,1.2682,0.5013
FCFS,0.50,5.0,1014,14.3497,341.5000,1.4278,0.4597
EASY,0.50,5.0,1014,5.1651,354.2196,1.1479,0.4597
FCFS,0.50,5.0,1015,36.8109,565.9444,2.1780,0.4824
EASY,0.50,5.0,1015,9.5304,513.2162,1.2660,0.4824
FCFS,0.50,5.0,1016,25.9558,413.1800,1.7720,0.5065
EASY,0.50,5.0,1016,6.7471,399.5625,1.1475,0.5065
FCFS,0.50,5.0,1017,23.7783,476.0199,1.6903,0.4818
EASY,0.50,5.0,1017,5.9032,476.0199,1.1972,0.4818
FCFS,0.50,5.0,1018,31.4885,559.2865,1.9995,0.4858
EASY,0.50,5.0,1018,8.5356,1136.5396,1.1940,0.4858
FCFS,0.50,5.0,1019,38.1172,681.2250,2.1228,0.4829
EASY,0.50,5.0,1019,8.0298,681.2250,1.1913,0.4852
FCFS,0.50,10.0,1000,67.4713,1230.5668,2.7074,0.4826
EASY,0.50,10.0,1000,13.6104,1140.9053,1.3561,0.4885
FCFS,0.50,10.0,1001,38.8172,805.5591,2.2990,0.4914
EASY,0.50,10.0,1001,10.3329,723.9941,1.3416,0.4914
FCFS,0.50,10.0,1002,46.2350,922.0475,2.3731,0.4849
EASY,0.50,10.0,1002,12.6442,1056.5448,1.3061,0.4885
FCFS,0.50,10.0,1003,66.7205,948.6402,3.0169,0.5116
EASY,0.50,10.0,1003,14.0120,986.7120,1.3360,0.5116
FCFS,0.50,10.0,1004,70.5273,1414.6204,3.1329,0.4906
EASY,0.50,10.0,1004,11.2676,1389.4197,1.3109,0.4906
FCFS,0.50,10.0,1005,46.3017,681.3876,2.4265,0.4952
EASY,0.50,10.0,1005,11.3685,1017.1556,1.2723,0.4958
FCFS,0.50,10.0,1006,29.2238,735.8223,1.7457,0.5061
EASY,0.50,10.0,1006,9.1028,765.3648,1.1754,0.5061
FCFS,0.50,10.0,1007,43.3232,744.3029,2.2989,0.4971
EASY,0.50,10.0,1007,7.5422,1126.2849,1.2113,0.4971
FCFS,0.50,10.0,1008,87.9054,883.1687,3.5979,0.4512
EASY,0.50,10.0,1008,17.1998,883.1687,1.4905,0.4512
FCFS,0.50,10.0,1009,27.3463,534.4488,1.8349,0.4888
EASY,0.50,10.0,1009,8.9273,657.6133,1.2398,0.4888
FCFS,0.50,10.0,1010,60.0226,1057.1810,3.0233,0.4786
EASY,0.50,10.0,1010,8.1129,1057.1810,1.2591,0.4822
FCFS,0.50,10.0,1011,110.9414,1450.3408,3.8246,0.4879
EASY,0.50,10.0,1011,14.2926,1940.3818,1.2988,0.4879
FCFS,0.50,10.0,1012,32.8184,862.4994,1.9372,0.4533
EASY,0.50,10.0,1012,5.5831,784.7067,1.1386,0.4533
FCFS,0.50,10.0,1013,48.9347,812.0772,2.5121,0.5013
EASY,0.50,10.0,1013,9.2384,816.5112,1.2714,0.5013
FCFS,0.50,10.0,1014,14.3497,341.5000,1.4278,0.4597
EASY,0.50,10.0,1014,4.6999,354.0065,1.1477,0.4597
FCFS,0.50,10.0,1015,36.8109,565.9444,2.1780,0.4824
EASY,0.50,10.0,1015,9.4667,513.2162,1.2656,0.4824
FCFS,0.50,10.0,1016,25.9558,413.1800,1.7720,0.5065
EASY,0.50,10.0,1016,7.0623,399.5625,1.1555,0.5065
FCFS,0.50,10.0,1017,23.7783,476.0199,1.6903,0.4818
EASY,0.50,10.0,1017,6.0147,476.0199,1.2026,0.4818
FCFS,0.50,10.0,1018,31.4885,559.2865,1.9995,0.4858
EASY,0.50,10.0,1018,8.5715,1136.5396,1.1989,0.4858
FCFS,0.50,10.0,1019,38.1172,681.2250,2.1228,0.4829
EASY,0.50,10.0,1019,8.0500,681.2250,1.1932,0.4852
FCFS,0.60,1.0,1000,107.0955,1390.8061,3.7557,0.5691
EASY,0.60,1.0,1000,30.0341,1180.0104,1.6561,0.5784
FCFS,0.60,1.0,1001,94.6627,932.3700,4.0865,0.5805
EASY,0.60,1.0,1001,23.8635,836.9029,1.6503,0.5805
FCFS,0.60,1.0,1002,86.2974,1143.5513,3.5441,0.5730
EASY,0.60,1.0,1002,25.1427,992.1007,1.6356,0.5802
FCFS,0.60,1.0,1003,110.3632,985.8053,4.2587,0.6126
EASY,0.60,1.0,1003,27.5949,938.0199,1.6135,0.6126
FCFS,0.60,1.0,1004,116.8494,1456.8241,4.4834,0.5853
EASY,0.60,1.0,1004,32.3509,1456.8241,1.8850,0.5853
FCFS,0.60,1.0,1005,90.3937,956.7022,3.7609,0.5912
EASY,0.60,1.0,1005,18.4138,1146.6249,1.4699,0.5924
FCFS,0.60,1.0,1006,57.9863,886.8853,2.5201,0.6052
EASY,0.60,1.0,1006,21.3219,720.4068,1.4495,0.6052
FCFS,0.60,1.0,1007,88.9134,813.7848,3.6637,0.5954
EASY,0.60,1.0,1007,16.1290,649.2313,1.4101,0.5954
FCFS,0.60,1.0,1008,166.7395,893.9217,5.7322,0.5301
EASY,0.60,1.0,1008,32.0838,893.9217,1.8873,0.5301
FCFS,0.60,1.0,1009,79.9936,741.4889,3.3803,0.5838
EASY,0.60,1.0,1009,21.3940,467.6127,1.5617,0.5838
FCFS,0.60,1.0,1010,117.9443,1156.6776,4.9139,0.5665
EASY,0.60,1.0,1010,14.7520,1156.6776,1.4178,0.5759
FCFS,0.60,1.0,1011,241.3833,1716.8983,7.3515,0.5813
EASY,0.60,1.0,1011,34.7991,1543.6582,1.7382,0.5813
FCFS,0.60,1.0,1012,72.0426,1029.7580,3.0674,0.5339
EASY,0.60,1.0,1012,12.4339,829.6866,1.3066,0.5339
FCFS,0.60,1.0,1013,97.3920,991.7582,3.9887,0.5933
EASY,0.60,1.0,1013,25.1939,968.4288,1.6831,0.5983
FCFS,0.60,1.0,1014,32.8150,512.1684,2.0033,0.5417
EASY,0.60,1.0,1014,11.8839,512.1684,1.3253,0.5417
FCFS,0.60,1.0,1015,83.0337,850.9117,3.6319,0.5784
EASY,0.60,1.0,1015,20.1161,811.0161,1.5589,0.5784
FCFS,0.60,1.0,1016,50.3958,511.6029,2.4359,0.6009
EASY,0.60,1.0,1016,16.0402,425.5951,1.3829,0.6009
FCFS,0.60,1.0,1017,57.3117,662.3222,2.7149,0.5752
EASY,0.60,1.0,1017,12.0130,571.3502,1.3452,0.5753
FCFS,0.60,1.0,1018,106.0337,845.2425,4.2910,0.5812
EASY,0.60,1.0,1018,23.8584,570.3096,1.5785,0.5812
FCFS,0.60,1.0,1019,77.3971,735.8946,3.2369,0.5735
EASY,0.60,1.0,1019,16.4468,735.8946,1.3887,0.5787
FCFS,0.60,2.0,1000,107.0955,1390.8061,3.7557,0.5691
EASY,0.60,2.0,1000,26.3934,969.3726,1.5754,0.5722
FCFS,0.60,2.0,1001,94.6627,932.3700,4.0865,0.5805
EASY,0.60,2.0,1001,20.2109,836.9029,1.5543,0.5805
FCFS,0.60,2.0,1002,86.2974,1143.5513,3.5441,0.5730
EASY,0.60,2.0,1002,22.3821,1119.8057,1.5414,0.5802
FCFS,0.60,2.0,1003,110.3632,985.8053,4.2587,0.6126
EASY,0.60,2.0,1003,24.6369,1037.5120,1.5544,0.6126
FCFS,0.60,2.0,1004,116.8494,1456.8241,4.4834,0.5853
EASY,0.60,2.0,1004,26.3344,1538.4374,1.6907,0.5853
FCFS,0.60,2.0,1005,90.3937,956.7022,3.7609,0.5912
EASY,0.60,2.0,1005,18.5682,1163.5557,1.4531,0.5924
FCFS,0.60,2.0,1006,57.9863,886.8853,2.5201,0.6052
EASY,0.60,2.0,1006,21.4329,720.4068,1.4260,0.6052
FCFS,0.60,2.0,1007,88.9134,813.7848,3.6637,0.5954
EASY,0.60,2.0,1007,14.8047,890.6853,1.3874,0.5954
FCFS,0.60,2.0,1008,166.7395,893.9217,5.7322,0.5301
EASY,0.60,2.0,1008,32.1211,893.9217,1.8667,0.5301
FCFS,0.60,2.0,1009,79.9936,741.4889,3.3803,0.5838
EASY,0.60,2.0,1009,19.8748,694.7262,1.5033,0.5838
FCFS,0.60,2.0,1010,117.9443,1156.6776,4.9139,0.5665
EASY,0.60,2.0,1010,13.8750,1156.6776,1.4056,0.5759
FCFS,0.60,2.0,1011,241.3833,1716.8983,7.3515,0.5813
EASY,0.60,2.0,1011,28.5081,1613.7417,1.6320,0.5813
FCFS,0.60,2.0,1012,72.0426,1029.7580,3.0674,0.5339
EASY,0.60,2.0,1012,11.2855,975.8670,1.2751,0.5339
FCFS,0.60,2.0,1013,97.3920,991.7582,3.9887,0.5933
EASY,0.60,2.0,1013,19.8790,1083.0339,1.5102,0.5982
FCFS,0.60,2.0,1014,32.8150,512.1684,2.0033,0.5417
EASY,0.60,2.0,1014,9.6654,495.5450,1.2757,0.5417
FCFS,0.60,2.0,1015,83.0337,850.9117,3.6319,0.5784
EASY,0.60,2.0,1015,17.3825,780.6006,1.5010,0.5784
FCFS,0.60,2.0,1016,50.3958,511.6029,2.4359,0.6009
EASY,0.60,2.0,1016,13.5900,571.0320,1.3055,0.6009
FCFS,0.60,2.0,1017,57.3117,662.3222,2.7149,0.5752
EASY,0.60,2.0,1017,11.2750,571.3502,1.3480,0.5753
FCFS,0.60,2.0,1018,106.0337,845.2425,4.2910,0.5812
EASY,0.60,2.0,1018,22.1259,847.4865,1.4817,0.5812
FCFS,0.60,2.0,1019,77.3971,735.8946,3.2369,0.5735
EASY,0.60,2.0,1019,16.3927,735.8946,1.3935,0.5787
FCFS,0.60,3.0,1000,107.0955,1390.8061,3.7557,0.5691
EASY,0.60,3.0,1000,24.5416,1057.7627,1.5145,0.5747
FCFS,0.60,3.0,1001,94.6627,932.3700,4.0865,0.5805
EASY,0.60,3.0,1001,21.2493,836.9029,1.5972,0.5805
FCFS,0.60,3.0,1002,86.2974,1143.5513,3.5441,0.5730
EASY,0.60,3.0,1002,17.3627,1058.3865,1.4409,0.5802
FCFS,0.60,3.0,1003,110.3632,985.8053,4.2587,0.6126
EASY,0.60,3.0,1003,24.0693,1054.1486,1.5487,0.6126
FCFS,0.60,3.0,1004,116.8494,1456.8241,4.4834,0.5853
EASY,0.60,3.0,1004,24.9468,1538.4374,1.6896,0.5853
FCFS,0.60,3.0,1005,90.3937,956.7022,3.7609,0.5912
EASY,0.60,3.0,1005,19.4567,1163.5557,1.4792,0.5924
FCFS,0.60,3.0,1006,57.9863,886.8853,2.5201,0.6052
EASY,0.60,3.0,1006,22.0483,720.4068,1.4425,0.6052
FCFS,0.60,3.0,1007,88.9134,813.7848,3.6637,0.5954
EASY,0.60,3.0,1007,15.1078,1076.1569,1.3834,0.5954
FCFS,0.60,3.0,1008,166.7395,893.9217,5.7322,0.5301
EASY,0.60,3.0,1008,32.8730,893.9217,1.8790,0.5301
FCFS,0.60,3.0,1009,79.9936,741.4889,3.3803,0.5838
EASY,0.60,3.0,1009,20.0908,762.4052,1.5495,0.5838
FCFS,0.60,3.0,1010,117.9443,1156.6776,4.9139,0.5665
EASY,0.60,3.0,1010,13.8935,1156.6776,1.4068,0.5759
FCFS,0.60,3.0,1011,241.3833,1716.8983,7.3515,0.5813
EASY,0.60,3.0,1011,28.4765,1734.1650,1.6121,0.5813
FCFS,0.60,3.0,1012,72.0426,1029.7580,3.0674,0.5339
EASY,0.60,3.0,1012,11.3436,975.8670,1.2764,0.5339
FCFS,0.60,3.0,1013,97.3920,991.7582,3.9887,0.5933
EASY,0.60,3.0,1013,20.4201,1087.1093,1.5287,0.5987
FCFS,0.60,3.0,1014,32.8150,512.1684,2.0033,0.5417
EASY,0.60,3.0,1014,9.7766,495.5450,1.2805,0.5417
FCFS,0.60,3.0,1015,83.0337,850.9117,3.6319,0.5784
EASY,0.60,3.0,1015,17.8157,761.3357,1.5238,0.5784
FCFS,0.60,3.0,1016,50.3958,511.6029,2.4359,0.6009
EASY,0.60,3.0,1016,12.3657,571.0320,1.2842,0.6009
FCFS,0.60,3.0,1017,57.3117,662.3222,2.7149,0.5752
EASY,0.60,3.0,1017,11.3946,595.0522,1.3542,0.5753
FCFS,0.60,3.0,1018,106.0337,845.2425,4.2910,0.5812
EASY,0.60,3.0,1018,22.0776,847.4865,1.4717,0.5812
FCFS,0.60,3.0,1019,77.3971,735.8946,3.2369,0.5735
EASY,0.60,3.0,1019,17.2685,735.8946,1.4221,0.5787
FCFS,0.60,5.0,1000,107.0955,1390.8061,3.7557,0.5691
EASY,0.60,5.0,1000,24.7048,1195.4962,1.5034,0.5748
FCFS,0.60,5.0,1001,94.6627,932.3700,4.0865,0.5805
EASY,0.60,5.0,1001,19.3136,836.9029,1.5936,0.5805
FCFS,0.60,5.0,1002,86.2974,1143.5513,3.5441,0.5730
EASY,0.60,5.0,1002,16.6815,1156.6782,1.4223,0.5802
FCFS,0.60,5.0,1003,110.3632,985.8053,4.2587,0.6126
EASY,0.60,5.0,1003,22.9186,1054.1486,1.5290,0.6126
FCFS,0.60,5.0,1004,116.8494,1456.8241,4.4834,0.5853
EASY,0.60,5.0,1004,23.2995,1381.5462,1.6166,0.5853
FCFS,0.60,5.0,1005,90.3937,956.7022,3.7609,0.5912
EASY,0.60,5.0,1005,19.4718,1163.5557,1.4771,0.5924
FCFS,0.60,5.0,1006,57.9863,886.8853,2.5201,0.6052
EASY,0.60,5.0,1006,17.8177,943.2753,1.3557,0.6052
FCFS,0.60,5.0,1007,88.9134,813.7848,3.6637,0.5954
EASY,0.60,5.0,1007,14.3116,1088.2268,1.3717,0.5954
FCFS,0.60,5.0,1008,166.7395,893.9217,5.7322,0.5301
EASY,0.60,5.0,1008,32.8692,893.9217,1.8858,0.5301
FCFS,0.60,5.0,1009,79.9936,741.4889,3.3803,0.5838
EASY,0.60,5.0,1009,18.4140,766.5830,1.5197,0.5838
FCFS,0.60,5.0,1010,117.9443,1156.6776,4.9139,0.5665
EASY,0.60,5.0,1010,14.2355,1156.6776,1.4199,0.5759
FCFS,0.60,5.0,1011,241.3833,1716.8983,7.3515,0.5813
EASY,0.60,5.0,1011,29.3416,1734.1650,1.6437,0.5813
FCFS,0.60,5.0,1012,72.0426,1029.7580,3.0674,0.5339
EASY,0.60,5.0,1012,11.3148,975.8670,1.2755,0.5339
FCFS,0.60,5.0,1013,97.3920,991.7582,3.9887,0.5933
EASY,0.60,5.0,1013,20.3892,1287.5130,1.5566,0.5981
FCFS,0.60,5.0,1014,32.8150,512.1684,2.0033,0.5417
EASY,0.60,5.0,1014,9.5869,495.5450,1.2731,0.5417
FCFS,0.60,5.0,1015,83.0337,850.9117,3.6319,0.5784
EASY,0.60,5.0,1015,18.0483,761.3357,1.5459,0.5784
FCFS,0.60,5.0,1016,50.3958,511.6029,2.4359,0.6009
EASY,0.60,5.0,1016,13.1367,586.1177,1.2914,0.6009
FCFS,0.60,5.0,1017,57.3117,662.3222,2.7149,0.5752
EASY,0.60,5.0,1017,11.3902,595.0522,1.3606,0.5753
FCFS,0.60,5.0,1018,106.0337,845.2425,4.2910,0.5812
EASY,0.60,5.0,1018,22.0608,847.4865,1.4766,0.5812
FCFS,0.60,5.0,1019,77.3971,735.8946,3.2369,0.5735
EASY,0.60,5.0,1019,16.6915,735.8946,1.4162,0.5787
FCFS,0.60,10.0,1000,107.0955,1390.8061,3.7557,0.5691
EASY,0.60,10.0,1000,24.7818,1295.6721,1.5719,0.5748
FCFS,0.60,10.0,1001,94.6627,932.3700,4.0865,0.5805
EASY,0.60,10.0,1001,18.8474,836.9029,1.5868,0.5805
FCFS,0.60,10.0,1002,86.2974,1143.5513,3.5441,0.5730
EASY,0.60,10.0,1002,16.1086,1221.3076,1.4016,0.5802
FCFS,0.60,10.0,1003,110.3632,985.8053,4.2587,0.6126
EASY,0.60,10.0,1003,23.3751,1118.0993,1.5489,0.6126
FCFS,0.60,10.0,1004,116.8494,1456.8241,4.4834,0.5853
EASY,0.60,10.0,1004,23.4609,1381.5462,1.6220,0.5853
FCFS,0.60,10.0,1005,90.3937,956.7022,3.7609,0.5912
EASY,0.60,10.0,1005,19.5825,1163.5557,1.4793,0.5924
FCFS,0.60,10.0,1006,57.9863,886.8853,2.5201,0.6052
EASY,0.60,10.0,1006,15.7491,1017.0225,1.3237,0.6052
FCFS,0.60,10.0,1007,88.9134,813.7848,3.6637,0.5954
EASY,0.60,10.0,1007,14.2897,1088.2268,1.3684,0.5954
FCFS,0.60,10.0,1008,166.7395,893.9217,5.7322,0.5301
EASY,0.60,10.0,1008,34.0948,931.2606,1.8935,0.5301
FCFS,0.60,10.0,1009,79.9936,741.4889,3.3803,0.5838
EASY,0.60,10.0,1009,17.5171,754.2316,1.5039,0.5838
FCFS,0.60,10.0,1010,117.9443,1156.6776,4.9139,0.5665
EASY,0.60,10.0,1010,13.9818,1156.6776,1.4178,0.5759
FCFS,0.60,10.0,1011,241.3833,1716.8983,7.3515,0.5813
EASY,0.60,10.0,1011,28.3141,1875.7294,1.5955,0.5813
FCFS,0.60,10.0,1012,72.0426,1029.7580,3.0674,0.5339
EASY,0.60,10.0,1012,10.9542,975.8670,1.2665,0.5339
FCFS,0.60,10.0,1013,97.3920,991.7582,3.9887,0.5933
EASY,0.60,10.0,1013,20.2189,1287.5130,1.5637,0.5986
FCFS,0.60,10.0,1014,32.8150,512.1684,2.0033,0.5417
EASY,0.60,10.0,1014,9.7849,495.5450,1.2732,0.5417
FCFS,0.60,10.0,1015,83.0337,850.9117,3.6319,0.5784
EASY,0.60,10.0,1015,18.4506,745.7790,1.5653,0.5784
FCFS,0.60,10.0,1016,50.3958,511.6029,2.4359,0.6009
EASY,0.60,10.0,1016,12.1381,586.1177,1.2785,0.6009
FCFS,0.60,10.0,1017,57.3117,662.3222,2.7149,0.5752
EASY,0.60,10.0,1017,11.4813,595.0522,1.3609,0.5753
FCFS,0.60,10.0,1018,106.0337,845.2425,4.2910,0.5812
EASY,0.60,10.0,1018,18.9225,1177.7894,1.4254,0.5812
FCFS,0.60,10.0,1019,77.3971,735.8946,3.2369,0.5735
EASY,0.60,10.0,1019,17.3111,735.8946,1.4279,0.5787
FCFS,0.70,1.0,1000,166.3087,1531.1002,5.4088,0.6525
EASY,0.70,1.0,1000,47.9895,1257.3936,1.9299,0.6573
FCFS,0.70,1.0,1001,169.5545,1178.9115,6.5125,0.6668
EASY,0.70,1.0,1001,46.1089,962.2233,2.2751,0.6668
FCFS,0.70,1.0,1002,149.2073,1365.1586,5.3934,0.6580
EASY,0.70,1.0,1002,45.4267,1101.1302,2.0628,0.6685
FCFS,0.70,1.0,1003,209.1918,1249.0689,7.2163,0.7132
EASY,0.70,1.0,1003,42.8459,950.7224,1.9975,0.7132
FCFS,0.70,1.0,1004,211.5042,1486.9696,7.3255,0.6789
EASY,0.70,1.0,1004,50.5804,1486.9696,2.2911,0.6789
FCFS,0.70,1.0,1005,167.8774,1227.3089,6.1853,0.6855
EASY,0.70,1.0,1005,31.6004,1242.0564,1.8304,0.6871
FCFS,0.70,1.0,1006,146.3067,1137.7102,4.8329,0.7036
EASY,0.70,1.0,1006,42.0023,848.6906,1.8556,0.7036
FCFS,0.70,1.0,1007,186.2887,940.4823,6.4366,0.6932
EASY,0.70,1.0,1007,31.7518,705.8596,1.8097,0.6932
FCFS,0.70,1.0,1008,321.7139,1102.6174,10.1345,0.5995
EASY,0.70,1.0,1008,63.6194,917.5233,2.6083,0.6057
FCFS,0.70,1.0,1009,202.7427,1166.4608,6.9545,0.6780
EASY,0.70,1.0,1009,48.0660,833.1900,2.1882,0.6780
FCFS,0.70,1.0,1010,240.5169,1269.0784,8.5712,0.6517
EASY,0.70,1.0,1010,28.3048,1227.7466,1.7985,0.6678
FCFS,0.70,1.0,1011,557.7025,1925.1284,16.0927,0.6735
EASY,0.70,1.0,1011,71.5143,1907.2966,2.6793,0.6735
FCFS,0.70,1.0,1012,172.5740,1184.7104,6.0438,0.6116
EASY,0.70,1.0,1012,27.0363,863.0576,1.6315,0.6116
FCFS,0.70,1.0,1013,173.0029,1163.5570,6.2339,0.6797
EASY,0.70,1.0,1013,43.1663,1103.2151,2.1189,0.6901
FCFS,0.70,1.0,1014,80.7084,690.9149,3.4112,0.6202
EASY,0.70,1.0,1014,22.1221,566.0300,1.5697,0.6202
FCFS,0.70,1.0,1015,181.9263,1127.5063,6.6575,0.6735
EASY,0.70,1.0,1015,34.6034,862.1383,1.9466,0.6741
FCFS,0.70,1.0,1016,92.9768,661.2967,3.6122,0.6908
EASY,0.70,1.0,1016,26.4576,547.0298,1.6005,0.6908
FCFS,0.70,1.0,1017,129.2098,1056.8224,4.8823,0.6674
EASY,0.70,1.0,1017,22.2779,675.3659,1.6110,0.6677
FCFS,0.70,1.0,1018,287.2691,1560.5018,9.8473,0.6751
EASY,0.70,1.0,1018,51.7898,970.5972,2.2076,0.6751
FCFS,0.70,1.0,1019,153.8357,795.7251,5.5233,0.6623
EASY,0.70,1.0,1019,35.7596,770.7465,1.8285,0.6710
FCFS,0.70,2.0,1000,166.3087,1531.1002,5.4088,0.6525
EASY,0.70,2.0,1000,40.7969,1438.9650,1.8731,0.6577
FCFS,0.70,2.0,1001,169.5545,1178.9115,6.5125,0.6668
EASY,0.70,2.0,1001,36.0076,1096.0693,2.0400,0.6668
FCFS,0.70,2.0,1002,149.2073,1365.1586,5.3934,0.6580
EASY,0.70,2.0,1002,27.8002,1303.4776,1.6680,0.6683
FCFS,0.70,2.0,1003,209.1918,1249.0689,7.2163,0.7132
EASY,0.70,2.0,1003,37.6577,1108.7228,1.9289,0.7132
FCFS,0.70,2.0,1004,211.5042,1486.9696,7.3255,0.6789
EASY,0.70,2.0,1004,38.5565,1613.9418,1.9543,0.6789
FCFS,0.70,2.0,1005,167.8774,1227.3089,6.1853,0.6855
EASY,0.70,2.0,1005,27.1002,1262.6337,1.7206,0.6871
FCFS,0.70,2.0,1006,146.3067,1137.7102,4.8329,0.7036
EASY,0.70,2.0,1006,38.6269,874.9747,1.7556,0.7036
FCFS,0.70,2.0,1007,186.2887,940.4823,6.4366,0.6932
EASY,0.70,2.0,1007,29.9351,819.1852,1.7286,0.6932
FCFS,0.70,2.0,1008,321.7139,1102.6174,10.1345,0.5995
EASY,0.70,2.0,1008,59.2138,972.3915,2.4719,0.6057
FCFS,0.70,2.0,1009,202.7427,1166.4608,6.9545,0.6780
EASY,0.70,2.0,1009,44.1318,1099.3869,2.0954,0.6780
FCFS,0.70,2.0,1010,240.5169,1269.0784,8.5712,0.6517
EASY,0.70,2.0,1010,27.0952,1227.7466,1.7862,0.6678
FCFS,0.70,2.0,1011,557.7025,1925.1284,16.0927,0.6735
EASY,0.70,2.0,1011,60.6625,1749.0126,2.1684,0.6735
FCFS,0.70,2.0,1012,172.5740,1184.7104,6.0438,0.6116
EASY,0.70,2.0,1012,24.2810,1080.4113,1.5775,0.6116
FCFS,0.70,2.0,1013,173.0029,1163.5570,6.2339,0.6797
EASY,0.70,2.0,1013,36.9082,1288.7365,1.9761,0.6868
FCFS,0.70,2.0,1014,80.7084,690.9149,3.4112,0.6202
EASY,0.70,2.0,1014,19.9493,660.6849,1.5420,0.6202
FCFS,0.70,2.0,1015,181.9263,1127.5063,6.6575,0.6735
EASY,0.70,2.0,1015,30.7491,932.4784,1.8929,0.6741
FCFS,0.70,2.0,1016,92.9768,661.2967,3.6122,0.6908
EASY,0.70,2.0,1016,24.3329,718.0927,1.5920,0.6908
FCFS,0.70,2.0,1017,129.2098,1056.8224,4.8823,0.6674
EASY,0.70,2.0,1017,20.6637,889.7082,1.6107,0.6677
FCFS,0.70,2.0,1018,287.2691,1560.5018,9.8473,0.6751
EASY,0.70,2.0,1018,45.8572,1126.7397,1.9859,0.6751
FCFS,0.70,2.0,1019,153.8357,795.7251,5.5233,0.6623
EASY,0.70,2.0,1019,32.0894,770.7465,1.7568,0.6710
FCFS,0.70,3.0,1000,166.3087,1531.1002,5.4088,0.6525
EASY,0.70,3.0,1000,39.9170,1640.8912,1.9480,0.6606
FCFS,0.70,3.0,1001,169.5545,1178.9115,6.5125,0.6668
EASY,0.70,3.0,1001,36.0499,1038.1824,1.9988,0.6668
FCFS,0.70,3.0,1002,149.2073,1365.1586,5.3934,0.6580
EASY,0.70,3.0,1002,30.0970,1134.9945,1.7025,0.6683
FCFS,0.70,3.0,1003,209.1918,1249.0689,7.2163,0.7132
EASY,0.70,3.0,1003,36.2147,1125.3645,1.9028,0.7132
FCFS,0.70,3.0,1004,211.5042,1486.9696,7.3255,0.6789
EASY,0.70,3.0,1004,38.0352,1661.8744,1.9322,0.6789
FCFS,0.70,3.0,1005,167.8774,1227.3089,6.1853,0.6855
EASY,0.70,3.0,1005,27.2651,1308.1928,1.7131,0.6871
FCFS,0.70,3.0,1006,146.3067,1137.7102,4.8329,0.7036
EASY,0.70,3.0,1006,39.1452,964.4700,1.7674,0.7036
FCFS,0.70,3.0,1007,186.2887,940.4823,6.4366,0.6932
EASY,0.70,3.0,1007,28.2209,979.3366,1.6960,0.6932
FCFS,0.70,3.0,1008,321.7139,1102.6174,10.1345,0.5995
EASY,0.70,3.0,1008,55.3947,1054.7382,2.4178,0.6057
FCFS,0.70,3.0,1009,202.7427,1166.4608,6.9545,0.6780
EASY,0.70,3.0,1009,44.6087,890.2082,2.1701,0.6780
FCFS,0.70,3.0,1010,240.5169,1269.0784,8.5712,0.6517
EASY,0.70,3.0,1010,26.8288,1227.7466,1.7815,0.6678
FCFS,0.70,3.0,1011,557.7025,1925.1284,16.0927,0.6735
EASY,0.70,3.0,1011,60.3940,1750.7014,2.1980,0.6735
FCFS,0.70,3.0,1012,172.5740,1184.7104,6.0438,0.6116
EASY,0.70,3.0,1012,23.3330,1086.2292,1.5571,0.6116
FCFS,0.70,3.0,1013,173.0029,1163.5570,6.2339,0.6797
EASY,0.70,3.0,1013,36.3159,1288.7365,1.9786,0.6890
FCFS,0.70,3.0,1014,80.7084,690.9149,3.4112,0.6202
EASY,0.70,3.0,1014,19.6771,660.6849,1.5410,0.6202
FCFS,0.70,3.0,1015,181.9263,1127.5063,6.6575,0.6735
EASY,0.70,3.0,1015,30.9844,932.8205,1.9195,0.6741
FCFS,0.70,3.0,1016,92.9768,661.2967,3.6122,0.6908
EASY,0.70,3.0,1016,24.6910,711.9188,1.5934,0.6908
FCFS,0.70,3.0,1017,129.2098,1056.8224,4.8823,0.6674
EASY,0.70,3.0,1017,19.8010,955.5198,1.5858,0.6677
FCFS,0.70,3.0,1018,287.2691,1560.5018,9.8473,0.6751
EASY,0.70,3.0,1018,46.4409,1052.5604,2.0033,0.6751
FCFS,0.70,3.0,1019,153.8357,795.7251,5.5233,0.6623
EASY,0.70,3.0,1019,30.1555,853.0790,1.7276,0.6710
FCFS,0.70,5.0,1000,166.3087,1531.1002,5.4088,0.6525
EASY,0.70,5.0,1000,36.8186,1640.8912,1.8916,0.6720
FCFS,0.70,5.0,1001,169.5545,1178.9115,6.5125,0.6668
EASY,0.70,5.0,1001,35.8298,1228.1344,2.0430,0.6668
FCFS,0.70,5.0,1002,149.2073,1365.1586,5.3934,0.6580
EASY,0.70,5.0,1002,28.9409,1134.9945,1.6784,0.6683
FCFS,0.70,5.0,1003,209.1918,1249.0689,7.2163,0.7132
EASY,0.70,5.0,1003,36.9082,1125.3645,1.9433,0.7132
FCFS,0.70,5.0,1004,211.5042,1486.9696,7.3255,0.6789
EASY,0.70,5.0,1004,38.6276,1448.9194,1.9362,0.6789
FCFS,0.70,5.0,1005,167.8774,1227.3089,6.1853,0.6855
EASY,0.70,5.0,1005,27.0874,1265.5063,1.6949,0.6871
FCFS,0.70,5.0,1006,146.3067,1137.7102,4.8329,0.7036
EASY,0.70,5.0,1006,36.0803,841.7521,1.7481,0.7036
FCFS,0.70,5.0,1007,186.2887,940.4823,6.4366,0.6932
EASY,0.70,5.0,1007,30.4525,980.7580,1.7529,0.6932
FCFS,0.70,5.0,1008,321.7139,1102.6174,10.1345,0.5995
EASY,0.70,5.0,1008,51.3586,1215.6341,2.3932,0.6057
FCFS,0.70,5.0,1009,202.7427,1166.4608,6.9545,0.6780
EASY,0.70,5.0,1009,43.6026,1029.7859,2.1060,0.6780
FCFS,0.70,5.0,1010,240.5169,1269.0784,8.5712,0.6517
EASY,0.70,5.0,1010,26.0854,1227.7466,1.7803,0.6678
FCFS,0.70,5.0,1011,557.7025,1925.1284,16.0927,0.6735
EASY,0.70,5.0,1011,60.3064,1808.3674,2.1689,0.6735
FCFS,0.70,5.0,1012,172.5740,1184.7104,6.0438,0.6116
EASY,0.70,5.0,1012,23.9951,1086.2292,1.5573,0.6116
FCFS,0.70,5.0,1013,173.0029,1163.5570,6.2339,0.6797
EASY,0.70,5.0,1013,35.8453,1239.0300,1.9420,0.6890
FCFS,0.70,5.0,1014,80.7084,690.9149,3.4112,0.6202
EASY,0.70,5.0,1014,19.5304,686.7302,1.5537,0.6202
FCFS,0.70,5.0,1015,181.9263,1127.5063,6.6575,0.6735
EASY,0.70,5.0,1015,32.5981,1053.0001,1.9506,0.6741
FCFS,0.70,5.0,1016,92.9768,661.2967,3.6122,0.6908
EASY,0.70,5.0,1016,24.4607,699.6218,1.5588,0.6908
FCFS,0.70,5.0,1017,129.2098,1056.8224,4.8823,0.6674
EASY,0.70,5.0,1017,20.5120,896.1419,1.6144,0.6677
FCFS,0.70,5.0,1018,287.2691,1560.5018,9.8473,0.6751
EASY,0.70,5.0,1018,45.0084,1088.5521,1.9881,0.6751
FCFS,0.70,5.0,1019,153.8357,795.7251,5.5233,0.6623
EASY,0.70,5.0,1019,31.2590,918.2817,1.7795,0.6710
FCFS,0.70,10.0,1000,166.3087,1531.1002,5.4088,0.6525
EASY,0.70,10.0,1000,46.7657,1276.5500,2.0752,0.6720
FCFS,0.70,10.0,1001,169.5545,1178.9115,6.5125,0.6668
EASY,0.70,10.0,1001,37.6009,1342.8254,2.0900,0.6668
FCFS,0.70,10.0,1002,149.2073,1365.1586,5.3934,0.6580
EASY,0.70,10.0,1002,27.3318,1230.6899,1.6406,0.6683
FCFS,0.70,10.0,1003,209.1918,1249.0689,7.2163,0.7132
EASY,0.70,10.0,1003,37.4678,1125.3645,1.9879,0.7132
FCFS,0.70,10.0,1004,211.5042,1486.9696,7.3255,0.6789
EASY,0.70,10.0,1004,39.0532,1631.6034,1.9730,0.6789
FCFS,0.70,10.0,1005,167.8774,1227.3089,6.1853,0.6855
EASY,0.70,10.0,1005,27.8786,1276.7551,1.7250,0.6871
FCFS,0.70,10.0,1006,146.3067,1137.7102,4.8329,0.7036
EASY,0.70,10.0,1006,32.4006,1172.8792,1.6979,0.7036
FCFS,0.70,10.0,1007,186.2887,940.4823,6.4366,0.6932
EASY,0.70,10.0,1007,30.6632,980.7580,1.7549,0.6932
FCFS,0.70,10.0,1008,321.7139,1102.6174,10.1345,0.5995
EASY,0.70,10.0,1008,52.5523,1215.6341,2.3749,0.6057
FCFS,0.70,10.0,1009,202.7427,1166.4608,6.9545,0.6780
EASY,0.70,10.0,1009,41.9815,1081.6118,2.0723,0.6780
FCFS,0.70,10.0,1010,240.5169,1269.0784,8.5712,0.6517
EASY,0.70,10.0,1010,26.7349,1227.7466,1.7770,0.6678
FCFS,0.70,10.0,1011,557.7025,1925.1284,16.0927,0.6735
EASY,0.70,10.0,1011,63.0231,1874.0663,2.2416,0.6735
FCFS,0.70,10.0,1012,172.5740,1184.7104,6.0438,0.6116
EASY,0.70,10.0,1012,24.0897,1104.5957,1.5695,0.6116
FCFS,0.70,10.0,1013,173.0029,1163.5570,6.2339,0.6797
EASY,0.70,10.0,1013,35.9117,1327.9889,1.9765,0.6927
FCFS,0.70,10.0,1014,80.7084,690.9149,3.4112,0.6202
EASY,0.70,10.0,1014,20.7329,643.5582,1.5550,0.6202
FCFS,0.70,10.0,1015,181.9263,1127.5063,6.6575,0.6735
EASY,0.70,10.0,1015,34.5322,1057.9365,2.0467,0.6741
FCFS,0.70,10.0,1016,92.9768,661.2967,3.6122,0.6908
EASY,0.70,10.0,1016,23.3039,699.6218,1.5438,0.6908
FCFS,0.70,10.0,1017,129.2098,1056.8224,4.8823,0.6674
EASY,0.70,10.0,1017,19.6865,955.5198,1.5960,0.6677
FCFS,0.70,10.0,1018,287.2691,1560.5018,9.8473,0.6751
EASY,0.70,10.0,1018,43.0153,1305.9541,1.9603,0.6751
FCFS,0.70,10.0,1019,153.8357,795.7251,5.5233,0.6623
EASY,0.70,10.0,1019,27.8916,918.2817,1.7326,0.6710
FCFS,0.80,1.0,1000,274.1517,1639.8041,8.4977,0.7329
EASY,0.80,1.0,1000,68.9461,1235.9345,2.4351,0.7515
FCFS,0.80,1.0,1001,338.2531,1651.2467,11.7854,0.7379
EASY,0.80,1.0,1001,74.0852,1219.2969,3.1051,0.7505
FCFS,0.80,1.0,1002,257.1424,1521.4944,8.4865,0.7378
EASY,0.80,1.0,1002,76.1954,1176.1301,2.8123,0.7545
FCFS,0.80,1.0,1003,654.4273,2139.4889,20.6126,0.8077
EASY,0.80,1.0,1003,85.9341,1101.2727,3.1058,0.8100
FCFS,0.80,1.0,1004,405.6688,1518.5680,13.2613,0.7642
EASY,0.80,1.0,1004,92.7281,1509.5787,3.2831,0.7715
FCFS,0.80,1.0,1005,396.8284,1448.9013,13.4867,0.7778
EASY,0.80,1.0,1005,57.1555,1245.0222,2.4218,0.7807
FCFS,0.80,1.0,1006,375.1656,1428.2050,11.4826,0.7836
EASY,0.80,1.0,1006,98.8192,1065.4167,2.9585,0.8013
FCFS,0.80,1.0,1007,487.2388,1406.1156,15.2334,0.7793
EASY,0.80,1.0,1007,71.4815,995.0590,2.6719,0.7904
FCFS,0.80,1.0,1008,585.9202,1661.8912,17.7356,0.6593
EASY,0.80,1.0,1008,124.5017,1052.8249,3.9832,0.6765
FCFS,0.80,1.0,1009,641.3910,1662.4015,20.3433,0.7616
EASY,0.80,1.0,1009,108.2160,1112.9325,3.6439,0.7712
FCFS,0.80,1.0,1010,435.1643,1882.8932,14.4622,0.7346
EASY,0.80,1.0,1010,54.5127,1281.0483,2.5575,0.7579
FCFS,0.80,1.0,1011,1231.3297,2551.3914,35.2657,0.7643
EASY,0.80,1.0,1011,153.4465,2085.4497,4.7088,0.7643
FCFS,0.80,1.0,1012,373.0914,1344.2015,11.9790,0.6865
EASY,0.80,1.0,1012,68.3063,997.8994,2.6731,0.6865
FCFS,0.80,1.0,1013,371.2546,1663.3876,12.0424,0.7416
EASY,0.80,1.0,1013,79.9431,1269.5442,2.9898,0.7774
FCFS,0.80,1.0,1014,233.3633,1246.4610,7.9320,0.6956
EASY,0.80,1.0,1014,49.8587,772.3957,2.2666,0.6956
FCFS,0.80,1.0,1015,386.5070,1374.5037,12.8698,0.7611
EASY,0.80,1.0,1015,70.4349,1048.3533,2.9458,0.7683
FCFS,0.80,1.0,1016,188.2402,795.3673,6.3907,0.7781
EASY,0.80,1.0,1016,47.6458,697.2552,2.0563,0.7781
FCFS,0.80,1.0,1017,294.7679,1469.4395,9.6720,0.7587
EASY,0.80,1.0,1017,49.1085,858.2011,2.2800,0.7593
FCFS,0.80,1.0,1018,803.1683,2285.2423,25.8472,0.7682
EASY,0.80,1.0,1018,110.5724,1269.5544,3.4801,0.7682
FCFS,0.80,1.0,1019,347.9666,1219.9036,11.2890,0.7484
EASY,0.80,1.0,1019,65.1096,899.9904,2.6187,0.7623
FCFS,0.80,2.0,1000,274.1517,1639.8041,8.4977,0.7329
EASY,0.80,2.0,1000,63.5987,1483.6755,2.3154,0.7393
FCFS,0.80,2.0,1001,338.2531,1651.2467,11.7854,0.7379
EASY,0.80,2.0,1001,69.6088,1375.4295,2.8407,0.7505
FCFS,0.80,2.0,1002,257.1424,1521.4944,8.4865,0.7378
EASY,0.80,2.0,1002,51.1245,1248.7812,2.2893,0.7534
FCFS,0.80,2.0,1003,654.4273,2139.4889,20.6126,0.8077
EASY,0.80,2.0,1003,76.1106,1221.3101,2.9807,0.8123
FCFS,0.80,2.0,1004,405.6688,1518.5680,13.2613,0.7642
EASY,0.80,2.0,1004,76.2869,1592.0290,2.8904,0.7715
FCFS,0.80,2.0,1005,396.8284,1448.9013,13.4867,0.7778
EASY,0.80,2.0,1005,49.2006,1335.5375,2.2689,0.7807
FCFS,0.80,2.0,1006,375.1656,1428.2050,11.4826,0.7836
EASY,0.80,2.0,1006,79.2673,1111.2930,2.6754,0.8013
FCFS,0.80,2.0,1007,487.2388,1406.1156,15.2334,0.7793
EASY,0.80,2.0,1007,65.9007,879.7764,2.5091,0.7904
FCFS,0.80,2.0,1008,585.9202,1661.8912,17.7356,0.6593
EASY,0.80,2.0,1008,104.4219,1265.6758,3.6542,0.6770
FCFS,0.80,2.0,1009,641.3910,1662.4015,20.3433,0.7616
EASY,0.80,2.0,1009,98.5918,1392.3119,3.4845,0.7712
FCFS,0.80,2.0,1010,435.1643,1882.8932,14.4622,0.7346
EASY,0.80,2.0,1010,55.7649,1281.0483,2.5841,0.7579
FCFS,0.80,2.0,1011,1231.3297,2551.3914,35.2657,0.7643
EASY,0.80,2.0,1011,126.6496,2190.5723,3.7571,0.7643
FCFS,0.80,2.0,1012,373.0914,1344.2015,11.9790,0.6865
EASY,0.80,2.0,1012,58.8093,1174.2631,2.4177,0.6865
FCFS,0.80,2.0,1013,371.2546,1663.3876,12.0424,0.7416
EASY,0.80,2.0,1013,66.0133,1418.9521,2.6864,0.7794
FCFS,0.80,2.0,1014,233.3633,1246.4610,7.9320,0.6956
EASY,0.80,2.0,1014,44.4934,800.4243,2.0765,0.6956
FCFS,0.80,2.0,1015,386.5070,1374.5037,12.8698,0.7611
EASY,0.80,2.0,1015,63.8436,1229.8282,2.7383,0.7664
FCFS,0.80,2.0,1016,188.2402,795.3673,6.3907,0.7781
EASY,0.80,2.0,1016,45.2100,782.0714,2.0635,0.7781
FCFS,0.80,2.0,1017,294.7679,1469.4395,9.6720,0.7587
EASY,0.80,2.0,1017,40.4903,1182.3045,2.1236,0.7589
FCFS,0.80,2.0,1018,803.1683,2285.2423,25.8472,0.7682
EASY,0.80,2.0,1018,104.5647,1244.1486,3.2978,0.7682
FCFS,0.80,2.0,1019,347.9666,1219.9036,11.2890,0.7484
EASY,0.80,2.0,1019,55.3816,962.4531,2.4051,0.7623
FCFS,0.80,3.0,1000,274.1517,1639.8041,8.4977,0.7329
EASY,0.80,3.0,1000,60.7083,1689.6845,2.3648,0.7435
FCFS,0.80,3.0,1001,338.2531,1651.2467,11.7854,0.7379
EASY,0.80,3.0,1001,68.1082,1289.4841,2.7812,0.7505
FCFS,0.80,3.0,1002,257.1424,1521.4944,8.4865,0.7378
EASY,0.80,3.0,1002,54.8389,1184.6517,2.3735,0.7432
FCFS,0.80,3.0,1003,654.4273,2139.4889,20.6126,0.8077
EASY,0.80,3.0,1003,71.1011,1256.5860,2.8463,0.8123
FCFS,0.80,3.0,1004,405.6688,1518.5680,13.2613,0.7642
EASY,0.80,3.0,1004,72.6477,1704.1430,2.8603,0.7715
FCFS,0.80,3.0,1005,396.8284,1448.9013,13.4867,0.7778
EASY,0.80,3.0,1005,46.4223,1478.8346,2.2003,0.7807
FCFS,0.80,3.0,1006,375.1656,1428.2050,11.4826,0.7836
EASY,0.80,3.0,1006,74.0289,1100.1997,2.6190,0.8013
FCFS,0.80,3.0,1007,487.2388,1406.1156,15.2334,0.7793
EASY,0.80,3.0,1007,63.6301,882.0088,2.5262,0.7904
FCFS,0.80,3.0,1008,585.9202,1661.8912,17.7356,0.6593
EASY,0.80,3.0,1008,107.0787,1308.4419,3.7975,0.6747
FCFS,0.80,3.0,1009,641.3910,1662.4015,20.3433,0.7616
EASY,0.80,3.0,1009,105.1066,1341.7693,3.6530,0.7712
FCFS,0.80,3.0,1010,435.1643,1882.8932,14.4622,0.7346
EASY,0.80,3.0,1010,56.3866,1281.0483,2.6573,0.7579
FCFS,0.80,3.0,1011,1231.3297,2551.3914,35.2657,0.7643
EASY,0.80,3.0,1011,120.6420,2168.5531,3.7079,0.7643
FCFS,0.80,3.0,1012,373.0914,1344.2015,11.9790,0.6865
EASY,0.80,3.0,1012,60.6630,1450.2649,2.5090,0.6865
FCFS,0.80,3.0,1013,371.2546,1663.3876,12.0424,0.7416
EASY,0.80,3.0,1013,69.8236,1555.3411,2.7777,0.7803
FCFS,0.80,3.0,1014,233.3633,1246.4610,7.9320,0.6956
EASY,0.80,3.0,1014,43.2959,884.2974,2.1094,0.6956
FCFS,0.80,3.0,1015,386.5070,1374.5037,12.8698,0.7611
EASY,0.80,3.0,1015,62.2314,1229.8282,2.7554,0.7666
FCFS,0.80,3.0,1016,188.2402,795.3673,6.3907,0.7781
EASY,0.80,3.0,1016,43.8084,782.0714,2.0393,0.7781
FCFS,0.80,3.0,1017,294.7679,1469.4395,9.6720,0.7587
EASY,0.80,3.0,1017,41.0956,1182.9765,2.1328,0.7589
FCFS,0.80,3.0,1018,803.1683,2285.2423,25.8472,0.7682
EASY,0.80,3.0,1018,101.7793,1490.2983,3.4197,0.7682
FCFS,0.80,3.0,1019,347.9666,1219.9036,11.2890,0.7484
EASY,0.80,3.0,1019,50.0262,925.9787,2.3360,0.7623
FCFS,0.80,5.0,1000,274.1517,1639.8041,8.4977,0.7329
EASY,0.80,5.0,1000,59.1526,1834.3931,2.4248,0.7579
FCFS,0.80,5.0,1001,338.2531,1651.2467,11.7854,0.7379
EASY,0.80,5.0,1001,62.3899,1349.9294,2.6446,0.7505
FCFS,0.80,5.0,1002,257.1424,1521.4944,8.4865,0.7378
EASY,0.80,5.0,1002,51.4585,1215.1783,2.3302,0.7527
FCFS,0.80,5.0,1003,654.4273,2139.4889,20.6126,0.8077
EASY,0.80,5.0,1003,68.8616,1313.8634,2.7709,0.8123
FCFS,0.80,5.0,1004,405.6688,1518.5680,13.2613,0.7642
EASY,0.80,5.0,1004,63.0936,1489.1285,2.5641,0.7715
FCFS,0.80,5.0,1005,396.8284,1448.9013,13.4867,0.7778
EASY,0.80,5.0,1005,46.9985,1491.8795,2.1741,0.7807
FCFS,0.80,5.0,1006,375.1656,1428.2050,11.4826,0.7836
EASY,0.80,5.0,1006,69.1779,1232.9355,2.5317,0.8013
FCFS,0.80,5.0,1007,487.2388,1406.1156,15.2334,0.7793
EASY,0.80,5.0,1007,65.9128,921.0542,2.6051,0.7904
FCFS,0.80,5.0,1008,585.9202,1661.8912,17.7356,0.6593
EASY,0.80,5.0,1008,102.1129,1529.7013,3.6325,0.6767
FCFS,0.80,5.0,1009,641.3910,1662.4015,20.3433,0.7616
EASY,0.80,5.0,1009,96.2833,1351.1851,3.4707,0.7712
FCFS,0.80,5.0,1010,435.1643,1882.8932,14.4622,0.7346
EASY,0.80,5.0,1010,53.1404,1284.3758,2.5684,0.7579
FCFS,0.80,5.0,1011,1231.3297,2551.3914,35.2657,0.7643
EASY,0.80,5.0,1011,110.8769,2275.3327,3.4170,0.7643
FCFS,0.80,5.0,1012,373.0914,1344.2015,11.9790,0.6865
EASY,0.80,5.0,1012,57.8568,1406.7855,2.3971,0.6865
FCFS,0.80,5.0,1013,371.2546,1663.3876,12.0424,0.7416
EASY,0.80,5.0,1013,69.8091,1837.0502,2.7126,0.7789
FCFS,0.80,5.0,1014,233.3633,1246.4610,7.9320,0.6956
EASY,0.80,5.0,1014,41.1363,912.8631,2.1215,0.6956
FCFS,0.80,5.0,1015,386.5070,1374.5037,12.8698,0.7611
EASY,0.80,5.0,1015,60.2501,1267.7094,2.7257,0.7656
FCFS,0.80,5.0,1016,188.2402,795.3673,6.3907,0.7781
EASY,0.80,5.0,1016,41.8159,782.0714,1.9798,0.7781
FCFS,0.80,5.0,1017,294.7679,1469.4395,9.6720,0.7587
EASY,0.80,5.0,1017,41.9547,1187.0634,2.1915,0.7589
FCFS,0.80,5.0,1018,803.1683,2285.2423,25.8472,0.7682
EASY,0.80,5.0,1018,96.4408,1781.7250,3.2523,0.7682
FCFS,0.80,5.0,1019,347.9666,1219.9036,11.2890,0.7484
EASY,0.80,5.0,1019,49.7881,1033.1277,2.2940,0.7623
FCFS,0.80,10.0,1000,274.1517,1639.8041,8.4977,0.7329
EASY,0.80,10.0,1000,69.9976,1811.8730,2.6894,0.7579
FCFS,0.80,10.0,1001,338.2531,1651.2467,11.7854,0.7379
EASY,0.80,10.0,1001,61.2267,1640.6462,2.7018,0.7505
FCFS,0.80,10.0,1002,257.1424,1521.4944,8.4865,0.7378
EASY,0.80,10.0,1002,50.0262,1328.3885,2.2750,0.7534
FCFS,0.80,10.0,1003,654.4273,2139.4889,20.6126,0.8077
EASY,0.80,10.0,1003,67.1516,1390.3042,2.6560,0.8123
FCFS,0.80,10.0,1004,405.6688,1518.5680,13.2613,0.7642
EASY,0.80,10.0,1004,64.3093,1707.2858,2.6453,0.7715
FCFS,0.80,10.0,1005,396.8284,1448.9013,13.4867,0.7778
EASY,0.80,10.0,1005,45.0231,1602.4438,2.1580,0.7807
FCFS,0.80,10.0,1006,375.1656,1428.2050,11.4826,0.7836
EASY,0.80,10.0,1006,67.6229,1306.5856,2.5291,0.8013
FCFS,0.80,10.0,1007,487.2388,1406.1156,15.2334,0.7793
EASY,0.80,10.0,1007,57.4580,957.2670,2.4071,0.7904
FCFS,0.80,10.0,1008,585.9202,1661.8912,17.7356,0.6593
EASY,0.80,10.0,1008,104.1669,1495.9379,3.8266,0.6774
FCFS,0.80,10.0,1009,641.3910,1662.4015,20.3433,0.7616
EASY,0.80,10.0,1009,90.7131,1520.9147,3.3711,0.7712
FCFS,0.80,10.0,1010,435.1643,1882.8932,14.4622,0.7346
EASY,0.80,10.0,1010,53.0247,1317.3235,2.5744,0.7579
FCFS,0.80,10.0,1011,1231.3297,2551.3914,35.2657,0.7643
EASY,0.80,10.0,1011,114.5477,2480.3477,3.3253,0.7643
FCFS,0.80,10.0,1012,373.0914,1344.2015,11.9790,0.6865
EASY,0.80,10.0,1012,59.5483,1500.4590,2.4840,0.6865
FCFS,0.80,10.0,1013,371.2546,1663.3876,12.0424,0.7416
EASY,0.80,10.0,1013,72.2248,1828.4681,2.7535,0.7856
FCFS,0.80,10.0,1014,233.3633,1246.4610,7.9320,0.6956
EASY,0.80,10.0,1014,42.7501,1182.6093,2.1774,0.6956
FCFS,0.80,10.0,1015,386.5070,1374.5037,12.8698,0.7611
EASY,0.80,10.0,1015,60.3493,1224.8437,2.6582,0.7682
FCFS,0.80,10.0,1016,188.2402,795.3673,6.3907,0.7781
EASY,0.80,10.0,1016,39.6207,782.0714,1.9328,0.7781
FCFS,0.80,10.0,1017,294.7679,1469.4395,9.6720,0.7587
EASY,0.80,10.0,1017,42.0813,1391.3471,2.2000,0.7589
FCFS,0.80,10.0,1018,803.1683,2285.2423,25.8472,0.7682
EASY,0.80,10.0,1018,97.1347,1630.0404,3.4776,0.7682
FCFS,0.80,10.0,1019,347.9666,1219.9036,11.2890,0.7484
EASY,0.80,10.0,1019,49.5710,1083.0117,2.3182,0.7623
FCFS,0.90,1.0,1000,641.4632,2138.4735,19.6072,0.7802
EASY,0.90,1.0,1000,135.1019,1394.9388,3.8606,0.8248
FCFS,0.90,1.0,1001,581.4212,2365.1664,19.3789,0.7830
EASY,0.90,1.0,1001,152.0917,1646.2045,4.7964,0.8201
FCFS,0.90,1.0,1002,494.5248,1740.4700,15.3685,0.7905
EASY,0.90,1.0,1002,120.6749,1111.2497,3.9881,0.8350
FCFS,0.90,1.0,1003,1753.9317,3261.6375,53.9018,0.8177
EASY,0.90,1.0,1003,202.6372,1762.1211,5.9260,0.9084
FCFS,0.90,1.0,1004,1026.6099,1880.9496,32.0809,0.8128
EASY,0.90,1.0,1004,178.1363,1546.5013,5.3803,0.8589
FCFS,0.90,1.0,1005,1003.9830,2037.0161,32.1586,0.8170
EASY,0.90,1.0,1005,115.7878,1407.5329,4.0107,0.8732
FCFS,0.90,1.0,1006,830.9246,2299.2410,24.7842,0.8260
EASY,0.90,1.0,1006,186.8786,1246.4606,4.9673,0.8980
FCFS,0.90,1.0,1007,1079.8387,2619.0176,32.7016,0.8127
EASY,0.90,1.0,1007,161.2969,978.3326,4.8570,0.8836
FCFS,0.90,1.0,1008,1231.9795,2740.8436,36.6075,0.6817
EASY,0.90,1.0,1008,240.3456,1409.7441,6.5973,0.7374
FCFS,0.90,1.0,1009,1182.2865,2641.2039,36.6791,0.7944
EASY,0.90,1.0,1009,267.5861,1570.9906,7.3720,0.8637
FCFS,0.90,1.0,1010,829.7026,2413.5066,26.3389,0.7872
EASY,0.90,1.0,1010,135.9813,1523.0066,4.5369,0.8446
FCFS,0.90,1.0,1011,2433.9664,3461.0478,70.8546,0.7730
EASY,0.90,1.0,1011,329.4941,2198.4179,8.4332,0.8540
FCFS,0.90,1.0,1012,1174.5627,1999.3090,35.4224,0.7309
EASY,0.90,1.0,1012,138.5532,1417.8508,4.4307,0.7588
FCFS,0.90,1.0,1013,555.5671,2399.7622,17.4587,0.7931
EASY,0.90,1.0,1013,174.2797,1714.0382,5.1449,0.8555
FCFS,0.90,1.0,1014,558.9730,1779.4679,17.4676,0.7663
EASY,0.90,1.0,1014,104.0492,1216.9921,3.6436,0.7678
FCFS,0.90,1.0,1015,1259.4298,2519.4967,40.1717,0.8270
EASY,0.90,1.0,1015,128.5297,1206.4058,4.2323,0.8548
FCFS,0.90,1.0,1016,657.9628,1491.6199,20.0980,0.8225
EASY,0.90,1.0,1016,85.7965,867.2524,3.1099,0.8629
FCFS,0.90,1.0,1017,1059.2040,2107.5053,31.5666,0.8270
EASY,0.90,1.0,1017,106.9948,1323.0639,3.7766,0.8497
FCFS,0.90,1.0,1018,2041.8356,3401.1022,63.7136,0.7936
EASY,0.90,1.0,1018,253.5611,2028.1082,6.5294,0.8604
FCFS,0.90,1.0,1019,1006.1104,1900.0009,31.0402,0.7948
EASY,0.90,1.0,1019,119.0843,1298.4972,3.8753,0.8524
FCFS,0.90,2.0,1000,641.4632,2138.4735,19.6072,0.7802
EASY,0.90,2.0,1000,100.0331,1766.3545,3.2224,0.8518
FCFS,0.90,2.0,1001,581.4212,2365.1664,19.3789,0.7830
EASY,0.90,2.0,1001,132.4731,1708.8250,3.9632,0.8159
FCFS,0.90,2.0,1002,494.5248,1740.4700,15.3685,0.7905
EASY,0.90,2.0,1002,90.0249,1316.6248,3.1497,0.8189
FCFS,0.90,2.0,1003,1753.9317,3261.6375,53.9018,0.8177
EASY,0.90,2.0,1003,171.1815,1903.1117,5.2519,0.9103
FCFS,0.90,2.0,1004,1026.6099,1880.9496,32.0809,0.8128
EASY,0.90,2.0,1004,156.1174,1751.5623,4.8447,0.8536
FCFS,0.90,2.0,1005,1003.9830,2037.0161,32.1586,0.8170
EASY,0.90,2.0,1005,101.4606,1354.4650,3.4091,0.8732
FCFS,0.90,2.0,1006,830.9246,2299.2410,24.7842,0.8260
EASY,0.90,2.0,1006,163.2195,1341.5093,4.4276,0.8943
FCFS,0.90,2.0,1007,1079.8387,2619.0176,32.7016,0.8127
EASY,0.90,2.0,1007,137.3789,1222.3876,4.1591,0.8836
FCFS,0.90,2.0,1008,1231.9795,2740.8436,36.6075,0.6817
EASY,0.90,2.0,1008,168.6891,1779.5269,5.2292,0.7436
FCFS,0.90,2.0,1009,1182.2865,2641.2039,36.6791,0.7944
EASY,0.90,2.0,1009,209.2321,1844.9520,6.2481,0.8637
FCFS,0.90,2.0,1010,829.7026,2413.5066,26.3389,0.7872
EASY,0.90,2.0,1010,133.8265,1593.0309,4.3980,0.8446
FCFS,0.90,2.0,1011,2433.9664,3461.0478,70.8546,0.7730
EASY,0.90,2.0,1011,253.4538,2430.7039,6.9367,0.8540
FCFS,0.90,2.0,1012,1174.5627,1999.3090,35.4224,0.7309
EASY,0.90,2.0,1012,119.0927,1492.9572,3.9762,0.7588
FCFS,0.90,2.0,1013,555.5671,2399.7622,17.4587,0.7931
EASY,0.90,2.0,1013,135.7666,1711.7803,4.0590,0.8460
FCFS,0.90,2.0,1014,558.9730,1779.4679,17.4676,0.7663
EASY,0.90,2.0,1014,87.8348,1289.8776,3.3972,0.7666
FCFS,0.90,2.0,1015,1259.4298,2519.4967,40.1717,0.8270
EASY,0.90,2.0,1015,117.3970,1390.7777,3.8984,0.8534
FCFS,0.90,2.0,1016,657.9628,1491.6199,20.0980,0.8225
EASY,0.90,2.0,1016,79.2237,920.6830,2.8869,0.8614
FCFS,0.90,2.0,1017,1059.2040,2107.5053,31.5666,0.8270
EASY,0.90,2.0,1017,88.3047,1586.4742,3.1808,0.8491
FCFS,0.90,2.0,1018,2041.8356,3401.1022,63.7136,0.7936
EASY,0.90,2.0,1018,208.8226,2029.1863,5.5367,0.8604
FCFS,0.90,2.0,1019,1006.1104,1900.0009,31.0402,0.7948
EASY,0.90,2.0,1019,108.6560,1450.3226,3.5549,0.8524
FCFS,0.90,3.0,1000,641.4632,2138.4735,19.6072,0.7802
EASY,0.90,3.0,1000,103.1195,1515.6682,3.2453,0.8520
FCFS,0.90,3.0,1001,581.4212,2365.1664,19.3789,0.7830
EASY,0.90,3.0,1001,110.0972,1876.5232,3.6994,0.8149
FCFS,0.90,3.0,1002,494.5248,1740.4700,15.3685,0.7905
EASY,0.90,3.0,1002,87.9737,1323.0804,3.1849,0.8330
FCFS,0.90,3.0,1003,1753.9317,3261.6375,53.9018,0.8177
EASY,0.90,3.0,1003,175.3363,1921.6802,5.3915,0.9087
FCFS,0.90,3.0,1004,1026.6099,1880.9496,32.0809,0.8128
EASY,0.90,3.0,1004,137.7526,1858.3603,4.5790,0.8609
FCFS,0.90,3.0,1005,1003.9830,2037.0161,32.1586,0.8170
EASY,0.90,3.0,1005,88.1179,1723.3274,3.2197,0.8732
FCFS,0.90,3.0,1006,830.9246,2299.2410,24.7842,0.8260
EASY,0.90,3.0,1006,160.6060,1387.8154,4.5407,0.8840
FCFS,0.90,3.0,1007,1079.8387,2619.0176,32.7016,0.8127
EASY,0.90,3.0,1007,136.3434,1293.9254,4.0609,0.8828
FCFS,0.90,3.0,1008,1231.9795,2740.8436,36.6075,0.6817
EASY,0.90,3.0,1008,179.0068,1669.6983,5.5230,0.7409
FCFS,0.90,3.0,1009,1182.2865,2641.2039,36.6791,0.7944
EASY,0.90,3.0,1009,197.6405,1905.9093,6.0582,0.8637
FCFS,0.90,3.0,1010,829.7026,2413.5066,26.3389,0.7872
EASY,0.90,3.0,1010,124.2725,1750.6620,4.2359,0.8446
FCFS,0.90,3.0,1011,2433.9664,3461.0478,70.8546,0.7730
EASY,0.90,3.0,1011,269.1967,2376.8979,7.0635,0.8540
FCFS,0.90,3.0,1012,1174.5627,1999.3090,35.4224,0.7309
EASY,0.90,3.0,1012,96.9140,1783.3179,3.2439,0.7588
FCFS,0.90,3.0,1013,555.5671,2399.7622,17.4587,0.7931
EASY,0.90,3.0,1013,134.3522,1887.9755,4.1503,0.8530
FCFS,0.90,3.0,1014,558.9730,1779.4679,17.4676,0.7663
EASY,0.90,3.0,1014,85.8424,1429.8404,3.3412,0.7666
FCFS,0.90,3.0,1015,1259.4298,2519.4967,40.1717,0.8270
EASY,0.90,3.0,1015,113.6776,1486.3229,3.8871,0.8534
FCFS,0.90,3.0,1016,657.9628,1491.6199,20.0980,0.8225
EASY,0.90,3.0,1016,76.6298,910.2466,2.8609,0.8610
FCFS,0.90,3.0,1017,1059.2040,2107.5053,31.5666,0.8270
EASY,0.90,3.0,1017,87.0106,1555.5268,3.1034,0.8491
FCFS,0.90,3.0,1018,2041.8356,3401.1022,63.7136,0.7936
EASY,0.90,3.0,1018,198.4078,2076.4828,5.5885,0.8604
FCFS,0.90,3.0,1019,1006.1104,1900.0009,31.0402,0.7948
EASY,0.90,3.0,1019,97.3837,1719.1552,3.4465,0.8524
FCFS,0.90,5.0,1000,641.4632,2138.4735,19.6072,0.7802
EASY,0.90,5.0,1000,114.7452,1544.7605,3.6386,0.8519
FCFS,0.90,5.0,1001,581.4212,2365.1664,19.3789,0.7830
EASY,0.90,5.0,1001,102.9913,1939.5854,3.6730,0.8090
FCFS,0.90,5.0,1002,494.5248,1740.4700,15.3685,0.7905
EASY,0.90,5.0,1002,87.2726,1422.0748,3.1479,0.8341
FCFS,0.90,5.0,1003,1753.9317,3261.6375,53.9018,0.8177
EASY,0.90,5.0,1003,173.7881,2071.1147,5.2694,0.9087
FCFS,0.90,5.0,1004,1026.6099,1880.9496,32.0809,0.8128
EASY,0.90,5.0,1004,134.3245,1782.9577,4.3702,0.8545
FCFS,0.90,5.0,1005,1003.9830,2037.0161,32.1586,0.8170
EASY,0.90,5.0,1005,88.7473,1606.0040,3.2142,0.8732
FCFS,0.90,5.0,1006,830.9246,2299.2410,24.7842,0.8260
EASY,0.90,5.0,1006,152.1405,1567.1180,4.2428,0.8908
FCFS,0.90,5.0,1007,1079.8387,2619.0176,32.7016,0.8127
EASY,0.90,5.0,1007,122.7869,1479.1644,3.7080,0.8851
FCFS,0.90,5.0,1008,1231.9795,2740.8436,36.6075,0.6817
EASY,0.90,5.0,1008,165.9086,1930.9982,5.2486,0.7380
FCFS,0.90,5.0,1009,1182.2865,2641.2039,36.6791,0.7944
EASY,0.90,5.0,1009,205.4336,1764.8832,6.3133,0.8637
FCFS,0.90,5.0,1010,829.7026,2413.5066,26.3389,0.7872
EASY,0.90,5.0,1010,112.3554,1817.2400,3.9981,0.8446
FCFS,0.90,5.0,1011,2433.9664,3461.0478,70.8546,0.7730
EASY,0.90,5.0,1011,269.5511,2454.9591,7.0554,0.8540
FCFS,0.90,5.0,1012,1174.5627,1999.3090,35.4224,0.7309
EASY,0.90,5.0,1012,104.7790,1919.4343,3.5521,0.7588
FCFS,0.90,5.0,1013,555.5671,2399.7622,17.4587,0.7931
EASY,0.90,5.0,1013,128.9712,2075.8145,3.9743,0.8516
FCFS,0.90,5.0,1014,558.9730,1779.4679,17.4676,0.7663
EASY,0.90,5.0,1014,83.5484,1380.0745,3.1471,0.7659
FCFS,0.90,5.0,1015,1259.4298,2519.4967,40.1717,0.8270
EASY,0.90,5.0,1015,110.3247,1654.8009,3.8053,0.8559
FCFS,0.90,5.0,1016,657.9628,1491.6199,20.0980,0.8225
EASY,0.90,5.0,1016,76.2845,909.7295,2.8908,0.8616
FCFS,0.90,5.0,1017,1059.2040,2107.5053,31.5666,0.8270
EASY,0.90,5.0,1017,83.9976,1524.2299,3.0542,0.8491
FCFS,0.90,5.0,1018,2041.8356,3401.1022,63.7136,0.7936
EASY,0.90,5.0,1018,199.1748,2279.6794,5.9054,0.8604
FCFS,0.90,5.0,1019,1006.1104,1900.0009,31.0402,0.7948
EASY,0.90,5.0,1019,100.6019,1569.9209,3.5907,0.8524
FCFS,0.90,10.0,1000,641.4632,2138.4735,19.6072,0.7802
EASY,0.90,10.0,1000,108.0293,1764.4849,3.4749,0.8414
FCFS,0.90,10.0,1001,581.4212,2365.1664,19.3789,0.7830
EASY,0.90,10.0,1001,115.6468,2124.9768,4.0592,0.8091
FCFS,0.90,10.0,1002,494.5248,1740.4700,15.3685,0.7905
EASY,0.90,10.0,1002,85.3695,1499.8594,3.0922,0.8356
FCFS,0.90,10.0,1003,1753.9317,3261.6375,53.9018,0.8177
EASY,0.90,10.0,1003,175.0963,2204.6736,5.3122,0.9022
FCFS,0.90,10.0,1004,1026.6099,1880.9496,32.0809,0.8128
EASY,0.90,10.0,1004,118.5900,1766.1499,4.0398,0.8597
FCFS,0.90,10.0,1005,1003.9830,2037.0161,32.1586,0.8170
EASY,0.90,10.0,1005,93.0204,1833.5270,3.2151,0.8705
FCFS,0.90,10.0,1006,830.9246,2299.2410,24.7842,0.8260
EASY,0.90,10.0,1006,121.1699,2072.2239,3.8360,0.8879
FCFS,0.90,10.0,1007,1079.8387,2619.0176,32.7016,0.8127
EASY,0.90,10.0,1007,122.6631,1273.6633,3.8640,0.8832
FCFS,0.90,10.0,1008,1231.9795,2740.8436,36.6075,0.6817
EASY,0.90,10.0,1008,159.6892,2120.6632,5.2254,0.7446
FCFS,0.90,10.0,1009,1182.2865,2641.2039,36.6791,0.7944
EASY,0.90,10.0,1009,203.6592,1830.4567,6.0296,0.8637
FCFS,0.90,10.0,1010,829.7026,2413.5066,26.3389,0.7872
EASY,0.90,10.0,1010,118.2029,1879.8195,4.1763,0.8446
FCFS,0.90,10.0,1011,2433.9664,3461.0478,70.8546,0.7730
EASY,0.90,10.0,1011,239.4349,2881.1342,6.6730,0.8540
FCFS,0.90,10.0,1012,1174.5627,1999.3090,35.4224,0.7309
EASY,0.90,10.0,1012,109.5903,1804.7821,3.5868,0.7588
FCFS,0.90,10.0,1013,555.5671,2399.7622,17.4587,0.7931
EASY,0.90,10.0,1013,129.7312,2097.9594,4.0153,0.8321
FCFS,0.90,10.0,1014,558.9730,1779.4679,17.4676,0.7663
EASY,0.90,10.0,1014,88.7588,1837.9424,3.4071,0.7659
FCFS,0.90,10.0,1015,1259.4298,2519.4967,40.1717,0.8270
EASY,0.90,10.0,1015,107.7083,1850.0721,3.8994,0.8559
FCFS,0.90,10.0,1016,657.9628,1491.6199,20.0980,0.8225
EASY,0.90,10.0,1016,74.6718,921.3723,2.9147,0.8629
FCFS,0.90,10.0,1017,1059.2040,2107.5053,31.5666,0.8270
EASY,0.90,10.0,1017,85.9209,1567.0118,3.1753,0.8491
FCFS,0.90,10.0,1018,2041.8356,3401.1022,63.7136,0.7936
EASY,0.90,10.0,1018,203.2095,2427.6771,5.7801,0.8604
FCFS,0.90,10.0,1019,1006.1104,1900.0009,31.0402,0.7948
EASY,0.90,10.0,1019,94.9316,1699.6213,3.3569,0.8524
FCFS,0.95,1.0,1000,1108.7678,3122.4724,33.4652,0.7844
EASY,0.95,1.0,1000,169.1554,1339.3082,4.4940,0.8486
FCFS,0.95,1.0,1001,707.5692,2837.9504,23.3100,0.8027
EASY,0.95,1.0,1001,207.9271,1883.8645,6.3311,0.8441
FCFS,0.95,1.0,1002,727.2090,2351.6905,22.1274,0.8033
EASY,0.95,1.0,1002,153.9457,1155.7228,4.7106,0.8718
FCFS,0.95,1.0,1003,2290.2291,3823.9360,70.1289,0.8181
EASY,0.95,1.0,1003,356.6628,2047.0448,9.1708,0.9477
FCFS,0.95,1.0,1004,1526.9126,2525.2790,47.1360,0.8141
EASY,0.95,1.0,1004,253.3936,1616.7121,6.9812,0.8878
FCFS,0.95,1.0,1005,1392.9104,2742.5733,44.1060,0.8238
EASY,0.95,1.0,1005,177.8929,1455.3271,5.4139,0.9127
FCFS,0.95,1.0,1006,1315.4885,3271.2400,38.7233,0.8274
EASY,0.95,1.0,1006,288.4061,1346.6726,7.0380,0.9292
FCFS,0.95,1.0,1007,1512.2700,3369.5370,45.5048,0.8194
EASY,0.95,1.0,1007,230.0708,1233.6317,6.0681,0.9154
FCFS,0.95,1.0,1008,1583.4653,3555.0114,46.8668,0.6878
EASY,0.95,1.0,1008,331.7759,1624.0412,8.7007,0.7603
FCFS,0.95,1.0,1009,1549.4083,3264.3985,47.6939,0.8023
EASY,0.95,1.0,1009,411.6480,1744.2022,10.5865,0.8910
FCFS,0.95,1.0,1010,1082.2056,2755.9325,33.9806,0.7999
EASY,0.95,1.0,1010,219.9960,1746.7924,6.4861,0.8872
FCFS,0.95,1.0,1011,2938.2787,4227.5968,85.7982,0.7756
EASY,0.95,1.0,1011,467.1065,2419.1830,11.8265,0.8983
FCFS,0.95,1.0,1012,1650.9492,2644.9381,49.3446,0.7317
EASY,0.95,1.0,1012,233.2804,1526.8076,6.3969,0.7940
FCFS,0.95,1.0,1013,658.1484,2795.0174,20.5015,0.8159
EASY,0.95,1.0,1013,210.9950,2045.8148,5.6206,0.8837
FCFS,0.95,1.0,1014,882.4603,2075.2587,27.0235,0.7782
EASY,0.95,1.0,1014,161.5680,1499.0438,5.0219,0.8012
FCFS,0.95,1.0,1015,1845.2863,3180.8964,58.5124,0.8278
EASY,0.95,1.0,1015,183.2522,1309.4751,5.7244,0.9016
FCFS,0.95,1.0,1016,1120.5906,2341.3251,33.5955,0.8262
EASY,0.95,1.0,1016,126.5445,947.7246,4.1636,0.9009
FCFS,0.95,1.0,1017,1601.2996,2463.8457,47.0394,0.8273
EASY,0.95,1.0,1017,159.3967,1489.9164,4.8319,0.8939
FCFS,0.95,1.0,1018,2581.4769,4324.5177,80.1853,0.7970
EASY,0.95,1.0,1018,424.9009,2206.4633,10.7077,0.9063
FCFS,0.95,1.0,1019,1417.7328,2701.0261,43.4035,0.8010
EASY,0.95,1.0,1019,202.0746,1503.8575,5.9062,0.8965
FCFS,0.95,2.0,1000,1108.7678,3122.4724,33.4652,0.7844
EASY,0.95,2.0,1000,143.0532,1863.5582,4.1386,0.8925
FCFS,0.95,2.0,1001,707.5692,2837.9504,23.3100,0.8027
EASY,0.95,2.0,1001,178.9880,2018.7391,5.1448,0.8388
FCFS,0.95,2.0,1002,727.2090,2351.6905,22.1274,0.8033
EASY,0.95,2.0,1002,119.5160,1436.7872,3.9257,0.8567
FCFS,0.95,2.0,1003,2290.2291,3823.9360,70.1289,0.8181
EASY,0.95,2.0,1003,299.1058,2242.7490,7.9230,0.9404
FCFS,0.95,2.0,1004,1526.9126,2525.2790,47.1360,0.8141
EASY,0.95,2.0,1004,201.6208,1828.7873,5.9256,0.8896
FCFS,0.95,2.0,1005,1392.9104,2742.5733,44.1060,0.8238
EASY,0.95,2.0,1005,150.1321,1472.3317,4.6321,0.9085
FCFS,0.95,2.0,1006,1315.4885,3271.2400,38.7233,0.8274
EASY,0.95,2.0,1006,227.8376,1556.7131,5.7862,0.9220
FCFS,0.95,2.0,1007,1512.2700,3369.5370,45.5048,0.8194
EASY,0.95,2.0,1007,188.0590,1667.0338,5.4162,0.9181
FCFS,0.95,2.0,1008,1583.4653,3555.0114,46.8668,0.6878
EASY,0.95,2.0,1008,279.9940,1880.9330,7.3052,0.7610
FCFS,0.95,2.0,1009,1549.4083,3264.3985,47.6939,0.8023
EASY,0.95,2.0,1009,305.5965,2474.7765,9.0396,0.9084
FCFS,0.95,2.0,1010,1082.2056,2755.9325,33.9806,0.7999
EASY,0.95,2.0,1010,171.9291,1988.3262,5.4501,0.8872
FCFS,0.95,2.0,1011,2938.2787,4227.5968,85.7982,0.7756
EASY,0.95,2.0,1011,380.0459,2705.9144,9.4234,0.8983
FCFS,0.95,2.0,1012,1650.9492,2644.9381,49.3446,0.7317
EASY,0.95,2.0,1012,187.2459,1596.8752,5.3171,0.7940
FCFS,0.95,2.0,1013,658.1484,2795.0174,20.5015,0.8159
EASY,0.95,2.0,1013,173.2339,2022.9248,4.8018,0.8765
FCFS,0.95,2.0,1014,882.4603,2075.2587,27.0235,0.7782
EASY,0.95,2.0,1014,150.8301,1686.3954,4.8182,0.8012
FCFS,0.95,2.0,1015,1845.2863,3180.8964,58.5124,0.8278
EASY,0.95,2.0,1015,161.7175,1467.1219,4.8951,0.8988
FCFS,0.95,2.0,1016,1120.5906,2341.3251,33.5955,0.8262
EASY,0.95,2.0,1016,118.9741,1110.6379,3.8162,0.8985
FCFS,0.95,2.0,1017,1601.2996,2463.8457,47.0394,0.8273
EASY,0.95,2.0,1017,119.4481,1646.9354,3.8129,0.8939
FCFS,0.95,2.0,1018,2581.4769,4324.5177,80.1853,0.7970
EASY,0.95,2.0,1018,336.4650,2462.1176,8.3182,0.9063
FCFS,0.95,2.0,1019,1417.7328,2701.0261,43.4035,0.8010
EASY,0.95,2.0,1019,164.5227,1512.1684,4.9103,0.8957
FCFS,0.95,3.0,1000,1108.7678,3122.4724,33.4652,0.7844
EASY,0.95,3.0,1000,144.7063,1670.2510,4.2177,0.8946
FCFS,0.95,3.0,1001,707.5692,2837.9504,23.3100,0.8027
EASY,0.95,3.0,1001,163.0307,2156.3404,4.6833,0.8338
FCFS,0.95,3.0,1002,727.2090,2351.6905,22.1274,0.8033
EASY,0.95,3.0,1002,121.5985,1370.2420,3.9341,0.8551
FCFS,0.95,3.0,1003,2290.2291,3823.9360,70.1289,0.8181
EASY,0.95,3.0,1003,273.8886,2294.0628,7.7940,0.9485
FCFS,0.95,3.0,1004,1526.9126,2525.2790,47.1360,0.8141
EASY,0.95,3.0,1004,182.0589,2023.7311,5.5479,0.9038
FCFS,0.95,3.0,1005,1392.9104,2742.5733,44.1060,0.8238
EASY,0.95,3.0,1005,146.6164,1553.0006,4.5655,0.9079
FCFS,0.95,3.0,1006,1315.4885,3271.2400,38.7233,0.8274
EASY,0.95,3.0,1006,217.5692,1714.1292,5.4411,0.9173
FCFS,0.95,3.0,1007,1512.2700,3369.5370,45.5048,0.8194
EASY,0.95,3.0,1007,171.4181,1594.5087,5.0691,0.9224
FCFS,0.95,3.0,1008,1583.4653,3555.0114,46.8668,0.6878
EASY,0.95,3.0,1008,239.8681,2006.7118,6.8353,0.7630
FCFS,0.95,3.0,1009,1549.4083,3264.3985,47.6939,0.8023
EASY,0.95,3.0,1009,284.3680,2388.6633,8.2465,0.9057
FCFS,0.95,3.0,1010,1082.2056,2755.9325,33.9806,0.7999
EASY,0.95,3.0,1010,191.2574,1958.7129,5.7790,0.8872
FCFS,0.95,3.0,1011,2938.2787,4227.5968,85.7982,0.7756
EASY,0.95,3.0,1011,418.0703,2791.4032,10.1438,0.8983
FCFS,0.95,3.0,1012,1650.9492,2644.9381,49.3446,0.7317
EASY,0.95,3.0,1012,205.6482,1705.3052,5.5917,0.7940
FCFS,0.95,3.0,1013,658.1484,2795.0174,20.5015,0.8159
EASY,0.95,3.0,1013,181.6301,2280.5185,4.8088,0.8802
FCFS,0.95,3.0,1014,882.4603,2075.2587,27.0235,0.7782
EASY,0.95,3.0,1014,133.7886,1657.4718,4.3183,0.8012
FCFS,0.95,3.0,1015,1845.2863,3180.8964,58.5124,0.8278
EASY,0.95,3.0,1015,158.1186,1980.6803,4.9828,0.8972
FCFS,0.95,3.0,1016,1120.5906,2341.3251,33.5955,0.8262
EASY,0.95,3.0,1016,112.2047,1120.6184,3.7547,0.8964
FCFS,0.95,3.0,1017,1601.2996,2463.8457,47.0394,0.8273
EASY,0.95,3.0,1017,117.3901,1723.8906,3.7175,0.8935
FCFS,0.95,3.0,1018,2581.4769,4324.5177,80.1853,0.7970
EASY,0.95,3.0,1018,353.7163,2632.2447,8.9358,0.9063
FCFS,0.95,3.0,1019,1417.7328,2701.0261,43.4035,0.8010
EASY,0.95,3.0,1019,154.3975,1733.4529,4.7025,0.8941
FCFS,0.95,5.0,1000,1108.7678,3122.4724,33.4652,0.7844
EASY,0.95,5.0,1000,145.4209,1710.0583,4.1640,0.8953
FCFS,0.95,5.0,1001,707.5692,2837.9504,23.3100,0.8027
EASY,0.95,5.0,1001,162.9735,2305.7089,4.7498,0.8291
FCFS,0.95,5.0,1002,727.2090,2351.6905,22.1274,0.8033
EASY,0.95,5.0,1002,122.9899,1370.2420,3.9580,0.8526
FCFS,0.95,5.0,1003,2290.2291,3823.9360,70.1289,0.8181
EASY,0.95,5.0,1003,289.5024,2332.1342,8.1629,0.9380
FCFS,0.95,5.0,1004,1526.9126,2525.2790,47.1360,0.8141
EASY,0.95,5.0,1004,176.3791,1920.8991,5.4300,0.8888
FCFS,0.95,5.0,1005,1392.9104,2742.5733,44.1060,0.8238
EASY,0.95,5.0,1005,141.5870,1548.5492,4.4249,0.9059
FCFS,0.95,5.0,1006,1315.4885,3271.2400,38.7233,0.8274
EASY,0.95,5.0,1006,212.5370,1904.7542,5.6295,0.9153
FCFS,0.95,5.0,1007,1512.2700,3369.5370,45.5048,0.8194
EASY,0.95,5.0,1007,173.7592,1891.4413,5.1289,0.9225
FCFS,0.95,5.0,1008,1583.4653,3555.0114,46.8668,0.6878
EASY,0.95,5.0,1008,227.9844,2181.7684,6.4692,0.7613
FCFS,0.95,5.0,1009,1549.4083,3264.3985,47.6939,0.8023
EASY,0.95,5.0,1009,283.9719,2575.1201,8.3137,0.9056
FCFS,0.95,5.0,1010,1082.2056,2755.9325,33.9806,0.7999
EASY,0.95,5.0,1010,174.0860,2132.0049,5.5012,0.8872
FCFS,0.95,5.0,1011,2938.2787,4227.5968,85.7982,0.7756
EASY,0.95,5.0,1011,392.2070,2968.4573,9.9366,0.8983
FCFS,0.95,5.0,1012,1650.9492,2644.9381,49.3446,0.7317
EASY,0.95,5.0,1012,179.9141,1861.7758,5.2204,0.7940
FCFS,0.95,5.0,1013,658.1484,2795.0174,20.5015,0.8159
EASY,0.95,5.0,1013,149.3452,2476.0230,4.2872,0.8767
FCFS,0.95,5.0,1014,882.4603,2075.2587,27.0235,0.7782
EASY,0.95,5.0,1014,139.4124,1850.3869,4.5375,0.8012
FCFS,0.95,5.0,1015,1845.2863,3180.8964,58.5124,0.8278
EASY,0.95,5.0,1015,171.5672,1974.3049,5.3771,0.8933
FCFS,0.95,5.0,1016,1120.5906,2341.3251,33.5955,0.8262
EASY,0.95,5.0,1016,122.5260,1136.3151,4.1014,0.8940
FCFS,0.95,5.0,1017,1601.2996,2463.8457,47.0394,0.8273
EASY,0.95,5.0,1017,135.2694,1833.2636,4.0393,0.8939
FCFS,0.95,5.0,1018,2581.4769,4324.5177,80.1853,0.7970
EASY,0.95,5.0,1018,341.2294,2762.7806,8.7691,0.9063
FCFS,0.95,5.0,1019,1417.7328,2701.0261,43.4035,0.8010
EASY,0.95,5.0,1019,142.7871,1847.4103,4.4429,0.8942
FCFS,0.95,10.0,1000,1108.7678,3122.4724,33.4652,0.7844
EASY,0.95,10.0,1000,146.5802,1784.0945,4.3179,0.8863
FCFS,0.95,10.0,1001,707.5692,2837.9504,23.3100,0.8027
EASY,0.95,10.0,1001,148.4608,2168.4420,4.6456,0.8270
FCFS,0.95,10.0,1002,727.2090,2351.6905,22.1274,0.8033
EASY,0.95,10.0,1002,109.5317,1486.2973,3.7002,0.8847
FCFS,0.95,10.0,1003,2290.2291,3823.9360,70.1289,0.8181
EASY,0.95,10.0,1003,264.8034,2538.6039,7.7001,0.9396
FCFS,0.95,10.0,1004,1526.9126,2525.2790,47.1360,0.8141
EASY,0.95,10.0,1004,190.6536,1961.5779,5.8353,0.9021
FCFS,0.95,10.0,1005,1392.9104,2742.5733,44.1060,0.8238
EASY,0.95,10.0,1005,126.1630,1855.0167,4.1044,0.9045
FCFS,0.95,10.0,1006,1315.4885,3271.2400,38.7233,0.8274
EASY,0.95,10.0,1006,182.4608,2112.1246,5.2088,0.9179
FCFS,0.95,10.0,1007,1512.2700,3369.5370,45.5048,0.8194
EASY,0.95,10.0,1007,153.6345,2071.6349,4.5408,0.9151
FCFS,0.95,10.0,1008,1583.4653,3555.0114,46.8668,0.6878
EASY,0.95,10.0,1008,269.0113,2276.2423,7.6193,0.7788
FCFS,0.95,10.0,1009,1549.4083,3264.3985,47.6939,0.8023
EASY,0.95,10.0,1009,268.6265,2631.6439,7.9207,0.9017
FCFS,0.95,10.0,1010,1082.2056,2755.9325,33.9806,0.7999
EASY,0.95,10.0,1010,167.9606,2169.0271,5.3161,0.8872
FCFS,0.95,10.0,1011,2938.2787,4227.5968,85.7982,0.7756
EASY,0.95,10.0,1011,344.1549,3620.7943,8.9336,0.8983
FCFS,0.95,10.0,1012,1650.9492,2644.9381,49.3446,0.7317
EASY,0.95,10.0,1012,180.2487,1794.4376,5.1971,0.7940
FCFS,0.95,10.0,1013,658.1484,2795.0174,20.5015,0.8159
EASY,0.95,10.0,1013,163.6629,2657.5416,4.6960,0.8781
FCFS,0.95,10.0,1014,882.4603,2075.2587,27.0235,0.7782
EASY,0.95,10.0,1014,127.5330,2063.7626,4.1809,0.8012
FCFS,0.95,10.0,1015,1845.2863,3180.8964,58.5124,0.8278
EASY,0.95,10.0,1015,179.8714,2113.3488,5.8034,0.8932
FCFS,0.95,10.0,1016,1120.5906,2341.3251,33.5955,0.8262
EASY,0.95,10.0,1016,117.9419,1237.3112,4.0491,0.8941
FCFS,0.95,10.0,1017,1601.2996,2463.8457,47.0394,0.8273
EASY,0.95,10.0,1017,132.1546,1802.8482,4.2385,0.8939
FCFS,0.95,10.0,1018,2581.4769,4324.5177,80.1853,0.7970
EASY,0.95,10.0,1018,315.9176,3165.6813,8.4844,0.9063
FCFS,0.95,10.0,1019,1417.7328,2701.0261,43.4035,0.8010
EASY,0.95,10.0,1019,165.2101,1782.1703,5.0498,0.8971
